"A";"P";"L";"SW";"k";"iterations";"time";"improvements";"minimums";"updates";"aspirations";"conflicts";"guidance";"score"
"0";"0";"0.1";"1";"4";"49";"0";"49";"0";"0";"0";"61";"0";"610";"0";"0";"0"
"0";"0";"0.4";"1";"4";"49";"0";"49";"0";"0";"0";"61";"0";"610";"0";"0";"0"
"0";"0";"0.7";"1";"4";"49";"0";"49";"0";"0";"0";"61";"0";"610";"0";"0";"0"
"0";"0";"1.0";"1";"4";"49";"0";"49";"0";"0";"0";"61";"0";"610";"0";"0";"0"
"0";"0";"1.3";"1";"4";"49";"0";"49";"0";"0";"0";"61";"0";"610";"0";"0";"0"
"0";"0";"1.6";"1";"4";"49";"0";"49";"0";"0";"0";"61";"0";"610";"0";"0";"0"
"0";"0";"1.9";"1";"4";"49";"0";"49";"0";"0";"0";"61";"0";"610";"0";"0";"0"
"0";"0";"2.2";"1";"4";"49";"0";"49";"0";"0";"0";"61";"0";"610";"0";"0";"0"
"0";"0";"2.5";"1";"4";"49";"0";"49";"0";"0";"0";"61";"0";"610";"0";"0";"0"
"0";"0";"2.8";"1";"4";"49";"0";"49";"0";"0";"0";"61";"0";"610";"0";"0";"0"
"0";"0";"3.1";"1";"4";"49";"0";"49";"0";"0";"0";"61";"0";"610";"0";"0";"0"
"0";"0";"3.4";"1";"4";"49";"0";"49";"0";"0";"0";"61";"0";"610";"0";"0";"0"
"0";"0";"3.7";"1";"4";"49";"0";"49";"0";"0";"0";"61";"0";"610";"0";"0";"0"
"0";"0";"4.0";"1";"4";"49";"0";"49";"0";"0";"0";"61";"0";"610";"0";"0";"0"
"0";"0";"4.3";"1";"4";"49";"0";"49";"0";"0";"0";"61";"0";"610";"0";"0";"0"
"0";"0";"4.6";"1";"4";"49";"0";"49";"0";"0";"0";"61";"0";"610";"0";"0";"0"
"0";"0";"4.9";"1";"4";"49";"0";"49";"0";"0";"0";"61";"0";"610";"0";"0";"0"
"0";"0";"5.2";"1";"4";"49";"0";"49";"0";"0";"0";"61";"0";"610";"0";"0";"0"
"0";"0";"5.5";"1";"4";"49";"0";"49";"0";"0";"0";"61";"0";"610";"0";"0";"0"
"0";"0";"5.8";"1";"4";"49";"0";"49";"0";"0";"0";"61";"0";"610";"0";"0";"0"
"0";"0";"6.1";"1";"4";"49";"0";"49";"0";"0";"0";"61";"0";"610";"0";"0";"0"
"0";"0";"6.4";"1";"4";"49";"0";"49";"0";"0";"0";"61";"0";"610";"0";"0";"0"
"0";"0";"6.7";"1";"4";"49";"0";"49";"0";"0";"0";"61";"0";"610";"0";"0";"0"
"0";"0";"7.0";"1";"4";"49";"0";"49";"0";"0";"0";"61";"0";"610";"0";"0";"0"
"0";"0";"7.3";"1";"4";"49";"0";"49";"0";"0";"0";"61";"0";"610";"0";"0";"0"
"0";"0";"7.6";"1";"4";"49";"0";"49";"0";"0";"0";"61";"0";"610";"0";"0";"0"
"0";"0";"7.9";"1";"4";"49";"0";"49";"0";"0";"0";"61";"0";"610";"0";"0";"0"
"0";"0";"8.2";"1";"4";"49";"0";"49";"0";"0";"0";"61";"0";"610";"0";"0";"0"
"0";"0";"8.5";"1";"4";"49";"0";"49";"0";"0";"0";"61";"0";"610";"0";"0";"0"
"0";"0";"8.8";"1";"4";"49";"0";"49";"0";"0";"0";"61";"0";"610";"0";"0";"0"
"0";"0";"9.1";"1";"4";"49";"0";"49";"0";"0";"0";"61";"0";"610";"0";"0";"0"
"0";"0";"9.4";"1";"4";"49";"0";"49";"0";"0";"0";"61";"0";"610";"0";"0";"0"
"0";"0";"9.7";"1";"4";"49";"0";"49";"0";"0";"0";"61";"0";"610";"0";"0";"0"
"0";"1";"dynamic";"1";"4";"49";"0";"49";"0";"0";"0";"61";"0";"610";"0";"0";"0"
"0";"1";"0.1";"1";"4";"49";"0";"49";"0";"0";"0";"61";"0";"610";"0";"0";"0"
"0";"1";"0.4";"1";"4";"49";"0";"49";"0";"0";"0";"61";"0";"610";"0";"0";"0"
"0";"1";"0.7";"1";"4";"49";"0";"49";"0";"0";"0";"61";"0";"610";"0";"0";"0"
"0";"1";"1.0";"1";"4";"49";"0";"49";"0";"0";"0";"61";"0";"610";"0";"0";"0"
"0";"1";"1.3";"1";"4";"49";"0";"49";"0";"0";"0";"61";"0";"610";"0";"0";"0"
"0";"1";"1.6";"1";"4";"49";"0";"49";"0";"0";"0";"61";"0";"610";"0";"0";"0"
"0";"1";"1.9";"1";"4";"49";"0";"49";"0";"0";"0";"61";"0";"610";"0";"0";"0"
"0";"1";"2.2";"1";"4";"49";"0";"49";"0";"0";"0";"61";"0";"610";"0";"0";"0"
"0";"1";"2.5";"1";"4";"49";"0";"49";"0";"0";"0";"61";"0";"610";"0";"0";"0"
"0";"1";"2.8";"1";"4";"49";"0";"49";"0";"0";"0";"61";"0";"610";"0";"0";"0"
"0";"1";"3.1";"1";"4";"49";"0";"49";"0";"0";"0";"61";"0";"610";"0";"0";"0"
"0";"1";"3.4";"1";"4";"49";"0";"49";"0";"0";"0";"61";"0";"610";"0";"0";"0"
"0";"1";"3.7";"1";"4";"49";"0";"49";"0";"0";"0";"61";"0";"610";"0";"0";"0"
"0";"1";"4.0";"1";"4";"49";"0";"49";"0";"0";"0";"61";"0";"610";"0";"0";"0"
"0";"1";"4.3";"1";"4";"49";"0";"49";"0";"0";"0";"61";"0";"610";"0";"0";"0"
"0";"1";"4.6";"1";"4";"49";"0";"49";"0";"0";"0";"61";"0";"610";"0";"0";"0"
"0";"1";"4.9";"1";"4";"49";"0";"49";"0";"0";"0";"61";"0";"610";"0";"0";"0"
"0";"1";"5.2";"1";"4";"49";"0";"49";"0";"0";"0";"61";"0";"610";"0";"0";"0"
"0";"1";"5.5";"1";"4";"49";"0";"49";"0";"0";"0";"61";"0";"610";"0";"0";"0"
"0";"1";"5.8";"1";"4";"49";"0";"49";"0";"0";"0";"61";"0";"610";"0";"0";"0"
"0";"1";"6.1";"1";"4";"49";"0";"49";"0";"0";"0";"61";"0";"610";"0";"0";"0"
"0";"1";"6.4";"1";"4";"49";"0";"49";"0";"0";"0";"61";"0";"610";"0";"0";"0"
"0";"1";"6.7";"1";"4";"49";"0";"49";"0";"0";"0";"61";"0";"610";"0";"0";"0"
"0";"1";"7.0";"1";"4";"49";"0";"49";"0";"0";"0";"61";"0";"610";"0";"0";"0"
"0";"1";"7.3";"1";"4";"49";"0";"49";"0";"0";"0";"61";"0";"610";"0";"0";"0"
"0";"1";"7.6";"1";"4";"49";"0";"49";"0";"0";"0";"61";"0";"610";"0";"0";"0"
"0";"1";"7.9";"1";"4";"49";"0";"49";"0";"0";"0";"61";"0";"610";"0";"0";"0"
"0";"1";"8.2";"1";"4";"49";"0";"49";"0";"0";"0";"61";"0";"610";"0";"0";"0"
"0";"1";"8.5";"1";"4";"49";"0";"49";"0";"0";"0";"61";"0";"610";"0";"0";"0"
"0";"1";"8.8";"1";"4";"49";"0";"49";"0";"0";"0";"61";"0";"610";"0";"0";"0"
"0";"1";"9.1";"1";"4";"49";"0";"49";"0";"0";"0";"61";"0";"610";"0";"0";"0"
"0";"1";"9.4";"1";"4";"49";"0";"49";"0";"0";"0";"61";"0";"610";"0";"0";"0"
"0";"1";"9.7";"1";"4";"49";"0";"49";"0";"0";"0";"61";"0";"610";"0";"0";"0"
"1";"0";"0.1";"1";"4";"49";"0";"49";"0";"0";"0";"61";"0";"610";"0";"0";"0"
"1";"0";"0.4";"1";"4";"49";"0";"49";"0";"0";"0";"61";"0";"610";"0";"0";"0"
"1";"0";"0.7";"1";"4";"49";"0";"49";"0";"0";"0";"61";"0";"610";"0";"0";"0"
"1";"0";"1.0";"1";"4";"49";"0";"49";"0";"0";"0";"61";"0";"610";"0";"0";"0"
"1";"0";"1.3";"1";"4";"49";"0";"49";"0";"0";"0";"61";"0";"610";"0";"0";"0"
"1";"0";"1.6";"1";"4";"49";"0";"49";"0";"0";"0";"61";"0";"610";"0";"0";"0"
"1";"0";"1.9";"1";"4";"49";"0";"49";"0";"0";"0";"61";"0";"610";"0";"0";"0"
"1";"0";"2.2";"1";"4";"49";"0";"49";"0";"0";"0";"61";"0";"610";"0";"0";"0"
"1";"0";"2.5";"1";"4";"49";"0";"49";"0";"0";"0";"61";"0";"610";"0";"0";"0"
"1";"0";"2.8";"1";"4";"49";"0";"49";"0";"0";"0";"61";"0";"610";"0";"0";"0"
"1";"0";"3.1";"1";"4";"49";"0";"49";"0";"0";"0";"61";"0";"610";"0";"0";"0"
"1";"0";"3.4";"1";"4";"49";"0";"49";"0";"0";"0";"61";"0";"610";"0";"0";"0"
"1";"0";"3.7";"1";"4";"49";"0";"49";"0";"0";"0";"61";"0";"610";"0";"0";"0"
"1";"0";"4.0";"1";"4";"49";"0";"49";"0";"0";"0";"61";"0";"610";"0";"0";"0"
"1";"0";"4.3";"1";"4";"49";"0";"49";"0";"0";"0";"61";"0";"610";"0";"0";"0"
"1";"0";"4.6";"1";"4";"49";"0";"49";"0";"0";"0";"61";"0";"610";"0";"0";"0"
"1";"0";"4.9";"1";"4";"49";"0";"49";"0";"0";"0";"61";"0";"610";"0";"0";"0"
"1";"0";"5.2";"1";"4";"49";"0";"49";"0";"0";"0";"61";"0";"610";"0";"0";"0"
"1";"0";"5.5";"1";"4";"49";"0";"49";"0";"0";"0";"61";"0";"610";"0";"0";"0"
"1";"0";"5.8";"1";"4";"49";"0";"49";"0";"0";"0";"61";"0";"610";"0";"0";"0"
"1";"0";"6.1";"1";"4";"49";"0";"49";"0";"0";"0";"61";"0";"610";"0";"0";"0"
"1";"0";"6.4";"1";"4";"49";"0";"49";"0";"0";"0";"61";"0";"610";"0";"0";"0"
"1";"0";"6.7";"1";"4";"49";"0";"49";"0";"0";"0";"61";"0";"610";"0";"0";"0"
"1";"0";"7.0";"1";"4";"49";"0";"49";"0";"0";"0";"61";"0";"610";"0";"0";"0"
"1";"0";"7.3";"1";"4";"49";"0";"49";"0";"0";"0";"61";"0";"610";"0";"0";"0"
"1";"0";"7.6";"1";"4";"49";"0";"49";"0";"0";"0";"61";"0";"610";"0";"0";"0"
"1";"0";"7.9";"1";"4";"49";"0";"49";"0";"0";"0";"61";"0";"610";"0";"0";"0"
"1";"0";"8.2";"1";"4";"49";"0";"49";"0";"0";"0";"61";"0";"610";"0";"0";"0"
"1";"0";"8.5";"1";"4";"49";"0";"49";"0";"0";"0";"61";"0";"610";"0";"0";"0"
"1";"0";"8.8";"1";"4";"49";"0";"49";"0";"0";"0";"61";"0";"610";"0";"0";"0"
"1";"0";"9.1";"1";"4";"49";"0";"49";"0";"0";"0";"61";"0";"610";"0";"0";"0"
"1";"0";"9.4";"1";"4";"49";"0";"49";"0";"0";"0";"61";"0";"610";"0";"0";"0"
"1";"0";"9.7";"1";"4";"49";"0";"49";"0";"0";"0";"61";"0";"610";"0";"0";"0"
"1";"1";"dynamic";"1";"4";"49";"0";"49";"0";"0";"0";"61";"0";"610";"0";"0";"0"
"1";"1";"0.1";"1";"4";"49";"0";"49";"0";"0";"0";"61";"0";"610";"0";"0";"0"
"1";"1";"0.4";"1";"4";"49";"0";"49";"0";"0";"0";"61";"0";"610";"0";"0";"0"
"1";"1";"0.7";"1";"4";"49";"0";"49";"0";"0";"0";"61";"0";"610";"0";"0";"0"
"1";"1";"1.0";"1";"4";"49";"0";"49";"0";"0";"0";"61";"0";"610";"0";"0";"0"
"1";"1";"1.3";"1";"4";"49";"0";"49";"0";"0";"0";"61";"0";"610";"0";"0";"0"
"1";"1";"1.6";"1";"4";"49";"0";"49";"0";"0";"0";"61";"0";"610";"0";"0";"0"
"1";"1";"1.9";"1";"4";"49";"0";"49";"0";"0";"0";"61";"0";"610";"0";"0";"0"
"1";"1";"2.2";"1";"4";"49";"0";"49";"0";"0";"0";"61";"0";"610";"0";"0";"0"
"1";"1";"2.5";"1";"4";"49";"0";"49";"0";"0";"0";"61";"0";"610";"0";"0";"0"
"1";"1";"2.8";"1";"4";"49";"0";"49";"0";"0";"0";"61";"0";"610";"0";"0";"0"
"1";"1";"3.1";"1";"4";"49";"0";"49";"0";"0";"0";"61";"0";"610";"0";"0";"0"
"1";"1";"3.4";"1";"4";"49";"0";"49";"0";"0";"0";"61";"0";"610";"0";"0";"0"
"1";"1";"3.7";"1";"4";"49";"0";"49";"0";"0";"0";"61";"0";"610";"0";"0";"0"
"1";"1";"4.0";"1";"4";"49";"0";"49";"0";"0";"0";"61";"0";"610";"0";"0";"0"
"1";"1";"4.3";"1";"4";"49";"0";"49";"0";"0";"0";"61";"0";"610";"0";"0";"0"
"1";"1";"4.6";"1";"4";"49";"0";"49";"0";"0";"0";"61";"0";"610";"0";"0";"0"
"1";"1";"4.9";"1";"4";"49";"0";"49";"0";"0";"0";"61";"0";"610";"0";"0";"0"
"1";"1";"5.2";"1";"4";"49";"0";"49";"0";"0";"0";"61";"0";"610";"0";"0";"0"
"1";"1";"5.5";"1";"4";"49";"0";"49";"0";"0";"0";"61";"0";"610";"0";"0";"0"
"1";"1";"5.8";"1";"4";"49";"0";"49";"0";"0";"0";"61";"0";"610";"0";"0";"0"
"1";"1";"6.1";"1";"4";"49";"0";"49";"0";"0";"0";"61";"0";"610";"0";"0";"0"
"1";"1";"6.4";"1";"4";"49";"0";"49";"0";"0";"0";"61";"0";"610";"0";"0";"0"
"1";"1";"6.7";"1";"4";"49";"0";"49";"0";"0";"0";"61";"0";"610";"0";"0";"0"
"1";"1";"7.0";"1";"4";"49";"0";"49";"0";"0";"0";"61";"0";"610";"0";"0";"0"
"1";"1";"7.3";"1";"4";"49";"0";"49";"0";"0";"0";"61";"0";"610";"0";"0";"0"
"1";"1";"7.6";"1";"4";"49";"0";"49";"0";"0";"0";"61";"0";"610";"0";"0";"0"
"1";"1";"7.9";"1";"4";"49";"0";"49";"0";"0";"0";"61";"0";"610";"0";"0";"0"
"1";"1";"8.2";"1";"4";"49";"0";"49";"0";"0";"0";"61";"0";"610";"0";"0";"0"
"1";"1";"8.5";"1";"4";"49";"0";"49";"0";"0";"0";"61";"0";"610";"0";"0";"0"
"1";"1";"8.8";"1";"4";"49";"0";"49";"0";"0";"0";"61";"0";"610";"0";"0";"0"
"1";"1";"9.1";"1";"4";"49";"0";"49";"0";"0";"0";"61";"0";"610";"0";"0";"0"
"1";"1";"9.4";"1";"4";"49";"0";"49";"0";"0";"0";"61";"0";"610";"0";"0";"0"
"1";"1";"9.7";"1";"4";"49";"0";"49";"0";"0";"0";"61";"0";"610";"0";"0";"0"
"0";"0";"0.1";"2";"4";"49";"0";"49";"0";"0";"0";"61";"0";"610";"0";"0";"0"
"0";"0";"0.4";"2";"4";"49";"0";"49";"0";"0";"0";"61";"0";"610";"0";"0";"0"
"0";"0";"0.7";"2";"4";"49";"0";"49";"0";"0";"0";"61";"0";"610";"0";"0";"0"
"0";"0";"1.0";"2";"4";"49";"0";"49";"0";"0";"0";"61";"0";"610";"0";"0";"0"
"0";"0";"1.3";"2";"4";"49";"0";"49";"0";"0";"0";"61";"0";"610";"0";"0";"0"
"0";"0";"1.6";"2";"4";"49";"0";"49";"0";"0";"0";"61";"0";"610";"0";"0";"0"
"0";"0";"1.9";"2";"4";"49";"0";"49";"0";"0";"0";"61";"0";"610";"0";"0";"0"
"0";"0";"2.2";"2";"4";"49";"0";"49";"0";"0";"0";"61";"0";"610";"0";"0";"0"
"0";"0";"2.5";"2";"4";"49";"0";"49";"0";"0";"0";"61";"0";"610";"0";"0";"0"
"0";"0";"2.8";"2";"4";"49";"0";"49";"0";"0";"0";"61";"0";"610";"0";"0";"0"
"0";"0";"3.1";"2";"4";"49";"0";"49";"0";"0";"0";"61";"0";"610";"0";"0";"0"
"0";"0";"3.4";"2";"4";"49";"0";"49";"0";"0";"0";"61";"0";"610";"0";"0";"0"
"0";"0";"3.7";"2";"4";"49";"0";"49";"0";"0";"0";"61";"0";"610";"0";"0";"0"
"0";"0";"4.0";"2";"4";"49";"0";"49";"0";"0";"0";"61";"0";"610";"0";"0";"0"
"0";"0";"4.3";"2";"4";"49";"0";"49";"0";"0";"0";"61";"0";"610";"0";"0";"0"
"0";"0";"4.6";"2";"4";"49";"0";"49";"0";"0";"0";"61";"0";"610";"0";"0";"0"
"0";"0";"4.9";"2";"4";"49";"0";"49";"0";"0";"0";"61";"0";"610";"0";"0";"0"
"0";"0";"5.2";"2";"4";"49";"0";"49";"0";"0";"0";"61";"0";"610";"0";"0";"0"
"0";"0";"5.5";"2";"4";"49";"0";"49";"0";"0";"0";"61";"0";"610";"0";"0";"0"
"0";"0";"5.8";"2";"4";"49";"0";"49";"0";"0";"0";"61";"0";"610";"0";"0";"0"
"0";"0";"6.1";"2";"4";"49";"0";"49";"0";"0";"0";"61";"0";"610";"0";"0";"0"
"0";"0";"6.4";"2";"4";"49";"0";"49";"0";"0";"0";"61";"0";"610";"0";"0";"0"
"0";"0";"6.7";"2";"4";"49";"0";"49";"0";"0";"0";"61";"0";"610";"0";"0";"0"
"0";"0";"7.0";"2";"4";"49";"0";"49";"0";"0";"0";"61";"0";"610";"0";"0";"0"
"0";"0";"7.3";"2";"4";"49";"0";"49";"0";"0";"0";"61";"0";"610";"0";"0";"0"
"0";"0";"7.6";"2";"4";"49";"0";"49";"0";"0";"0";"61";"0";"610";"0";"0";"0"
"0";"0";"7.9";"2";"4";"49";"0";"49";"0";"0";"0";"61";"0";"610";"0";"0";"0"
"0";"0";"8.2";"2";"4";"49";"0";"49";"0";"0";"0";"61";"0";"610";"0";"0";"0"
"0";"0";"8.5";"2";"4";"49";"0";"49";"0";"0";"0";"61";"0";"610";"0";"0";"0"
"0";"0";"8.8";"2";"4";"49";"0";"49";"0";"0";"0";"61";"0";"610";"0";"0";"0"
"0";"0";"9.1";"2";"4";"49";"0";"49";"0";"0";"0";"61";"0";"610";"0";"0";"0"
"0";"0";"9.4";"2";"4";"49";"0";"49";"0";"0";"0";"61";"0";"610";"0";"0";"0"
"0";"0";"9.7";"2";"4";"49";"0";"49";"0";"0";"0";"61";"0";"610";"0";"0";"0"
"0";"1";"dynamic";"2";"4";"49";"0";"49";"0";"0";"0";"61";"0";"610";"0";"0";"0"
"0";"1";"0.1";"2";"4";"49";"0";"49";"0";"0";"0";"61";"0";"610";"0";"0";"0"
"0";"1";"0.4";"2";"4";"49";"0";"49";"0";"0";"0";"61";"0";"610";"0";"0";"0"
"0";"1";"0.7";"2";"4";"49";"0";"49";"0";"0";"0";"61";"0";"610";"0";"0";"0"
"0";"1";"1.0";"2";"4";"49";"0";"49";"0";"0";"0";"61";"0";"610";"0";"0";"0"
"0";"1";"1.3";"2";"4";"49";"0";"49";"0";"0";"0";"61";"0";"610";"0";"0";"0"
"0";"1";"1.6";"2";"4";"49";"0";"49";"0";"0";"0";"61";"0";"610";"0";"0";"0"
"0";"1";"1.9";"2";"4";"49";"0";"49";"0";"0";"0";"61";"0";"610";"0";"0";"0"
"0";"1";"2.2";"2";"4";"49";"0";"49";"0";"0";"0";"61";"0";"610";"0";"0";"0"
"0";"1";"2.5";"2";"4";"49";"0";"49";"0";"0";"0";"61";"0";"610";"0";"0";"0"
"0";"1";"2.8";"2";"4";"49";"0";"49";"0";"0";"0";"61";"0";"610";"0";"0";"0"
"0";"1";"3.1";"2";"4";"49";"0";"49";"0";"0";"0";"61";"0";"610";"0";"0";"0"
"0";"1";"3.4";"2";"4";"49";"0";"49";"0";"0";"0";"61";"0";"610";"0";"0";"0"
"0";"1";"3.7";"2";"4";"49";"0";"49";"0";"0";"0";"61";"0";"610";"0";"0";"0"
"0";"1";"4.0";"2";"4";"49";"0";"49";"0";"0";"0";"61";"0";"610";"0";"0";"0"
"0";"1";"4.3";"2";"4";"49";"0";"49";"0";"0";"0";"61";"0";"610";"0";"0";"0"
"0";"1";"4.6";"2";"4";"49";"0";"49";"0";"0";"0";"61";"0";"610";"0";"0";"0"
"0";"1";"4.9";"2";"4";"49";"0";"49";"0";"0";"0";"61";"0";"610";"0";"0";"0"
"0";"1";"5.2";"2";"4";"49";"0";"49";"0";"0";"0";"61";"0";"610";"0";"0";"0"
"0";"1";"5.5";"2";"4";"49";"0";"49";"0";"0";"0";"61";"0";"610";"0";"0";"0"
"0";"1";"5.8";"2";"4";"49";"0";"49";"0";"0";"0";"61";"0";"610";"0";"0";"0"
"0";"1";"6.1";"2";"4";"49";"0";"49";"0";"0";"0";"61";"0";"610";"0";"0";"0"
"0";"1";"6.4";"2";"4";"49";"0";"49";"0";"0";"0";"61";"0";"610";"0";"0";"0"
"0";"1";"6.7";"2";"4";"49";"0";"49";"0";"0";"0";"61";"0";"610";"0";"0";"0"
"0";"1";"7.0";"2";"4";"49";"0";"49";"0";"0";"0";"61";"0";"610";"0";"0";"0"
"0";"1";"7.3";"2";"4";"49";"0";"49";"0";"0";"0";"61";"0";"610";"0";"0";"0"
"0";"1";"7.6";"2";"4";"49";"0";"49";"0";"0";"0";"61";"0";"610";"0";"0";"0"
"0";"1";"7.9";"2";"4";"49";"0";"49";"0";"0";"0";"61";"0";"610";"0";"0";"0"
"0";"1";"8.2";"2";"4";"49";"0";"49";"0";"0";"0";"61";"0";"610";"0";"0";"0"
"0";"1";"8.5";"2";"4";"49";"0";"49";"0";"0";"0";"61";"0";"610";"0";"0";"0"
"0";"1";"8.8";"2";"4";"49";"0";"49";"0";"0";"0";"61";"0";"610";"0";"0";"0"
"0";"1";"9.1";"2";"4";"49";"0";"49";"0";"0";"0";"61";"0";"610";"0";"0";"0"
"0";"1";"9.4";"2";"4";"49";"0";"49";"0";"0";"0";"61";"0";"610";"0";"0";"0"
"0";"1";"9.7";"2";"4";"49";"0";"49";"0";"0";"0";"61";"0";"610";"0";"0";"0"
"1";"0";"0.1";"2";"4";"49";"0";"49";"0";"0";"0";"61";"0";"610";"0";"0";"0"
"1";"0";"0.4";"2";"4";"49";"0";"49";"0";"0";"0";"61";"0";"610";"0";"0";"0"
"1";"0";"0.7";"2";"4";"49";"0";"49";"0";"0";"0";"61";"0";"610";"0";"0";"0"
"1";"0";"1.0";"2";"4";"49";"0";"49";"0";"0";"0";"61";"0";"610";"0";"0";"0"
"1";"0";"1.3";"2";"4";"49";"0";"49";"0";"0";"0";"61";"0";"610";"0";"0";"0"
"1";"0";"1.6";"2";"4";"49";"0";"49";"0";"0";"0";"61";"0";"610";"0";"0";"0"
"1";"0";"1.9";"2";"4";"49";"0";"49";"0";"0";"0";"61";"0";"610";"0";"0";"0"
"1";"0";"2.2";"2";"4";"49";"0";"49";"0";"0";"0";"61";"0";"610";"0";"0";"0"
"1";"0";"2.5";"2";"4";"49";"0";"49";"0";"0";"0";"61";"0";"610";"0";"0";"0"
"1";"0";"2.8";"2";"4";"49";"0";"49";"0";"0";"0";"61";"0";"610";"0";"0";"0"
"1";"0";"3.1";"2";"4";"49";"0";"49";"0";"0";"0";"61";"0";"610";"0";"0";"0"
"1";"0";"3.4";"2";"4";"49";"0";"49";"0";"0";"0";"61";"0";"610";"0";"0";"0"
"1";"0";"3.7";"2";"4";"49";"0";"49";"0";"0";"0";"61";"0";"610";"0";"0";"0"
"1";"0";"4.0";"2";"4";"49";"0";"49";"0";"0";"0";"61";"0";"610";"0";"0";"0"
"1";"0";"4.3";"2";"4";"49";"0";"49";"0";"0";"0";"61";"0";"610";"0";"0";"0"
"1";"0";"4.6";"2";"4";"49";"0";"49";"0";"0";"0";"61";"0";"610";"0";"0";"0"
"1";"0";"4.9";"2";"4";"49";"0";"49";"0";"0";"0";"61";"0";"610";"0";"0";"0"
"1";"0";"5.2";"2";"4";"49";"0";"49";"0";"0";"0";"61";"0";"610";"0";"0";"0"
"1";"0";"5.5";"2";"4";"49";"0";"49";"0";"0";"0";"61";"0";"610";"0";"0";"0"
"1";"0";"5.8";"2";"4";"49";"0";"49";"0";"0";"0";"61";"0";"610";"0";"0";"0"
"1";"0";"6.1";"2";"4";"49";"0";"49";"0";"0";"0";"61";"0";"610";"0";"0";"0"
"1";"0";"6.4";"2";"4";"49";"0";"49";"0";"0";"0";"61";"0";"610";"0";"0";"0"
"1";"0";"6.7";"2";"4";"49";"0";"49";"0";"0";"0";"61";"0";"610";"0";"0";"0"
"1";"0";"7.0";"2";"4";"49";"0";"49";"0";"0";"0";"61";"0";"610";"0";"0";"0"
"1";"0";"7.3";"2";"4";"49";"0";"49";"0";"0";"0";"61";"0";"610";"0";"0";"0"
"1";"0";"7.6";"2";"4";"49";"0";"49";"0";"0";"0";"61";"0";"610";"0";"0";"0"
"1";"0";"7.9";"2";"4";"49";"0";"49";"0";"0";"0";"61";"0";"610";"0";"0";"0"
"1";"0";"8.2";"2";"4";"49";"0";"49";"0";"0";"0";"61";"0";"610";"0";"0";"0"
"1";"0";"8.5";"2";"4";"49";"0";"49";"0";"0";"0";"61";"0";"610";"0";"0";"0"
"1";"0";"8.8";"2";"4";"49";"0";"49";"0";"0";"0";"61";"0";"610";"0";"0";"0"
"1";"0";"9.1";"2";"4";"49";"0";"49";"0";"0";"0";"61";"0";"610";"0";"0";"0"
"1";"0";"9.4";"2";"4";"49";"0";"49";"0";"0";"0";"61";"0";"610";"0";"0";"0"
"1";"0";"9.7";"2";"4";"49";"0";"49";"0";"0";"0";"61";"0";"610";"0";"0";"0"
"1";"1";"dynamic";"2";"4";"49";"0";"49";"0";"0";"0";"61";"0";"610";"0";"0";"0"
"1";"1";"0.1";"2";"4";"49";"0";"49";"0";"0";"0";"61";"0";"610";"0";"0";"0"
"1";"1";"0.4";"2";"4";"49";"0";"49";"0";"0";"0";"61";"0";"610";"0";"0";"0"
"1";"1";"0.7";"2";"4";"49";"0";"49";"0";"0";"0";"61";"0";"610";"0";"0";"0"
"1";"1";"1.0";"2";"4";"49";"0";"49";"0";"0";"0";"61";"0";"610";"0";"0";"0"
"1";"1";"1.3";"2";"4";"49";"0";"49";"0";"0";"0";"61";"0";"610";"0";"0";"0"
"1";"1";"1.6";"2";"4";"49";"0";"49";"0";"0";"0";"61";"0";"610";"0";"0";"0"
"1";"1";"1.9";"2";"4";"49";"0";"49";"0";"0";"0";"61";"0";"610";"0";"0";"0"
"1";"1";"2.2";"2";"4";"49";"0";"49";"0";"0";"0";"61";"0";"610";"0";"0";"0"
"1";"1";"2.5";"2";"4";"49";"0";"49";"0";"0";"0";"61";"0";"610";"0";"0";"0"
"1";"1";"2.8";"2";"4";"49";"0";"49";"0";"0";"0";"61";"0";"610";"0";"0";"0"
"1";"1";"3.1";"2";"4";"49";"0";"49";"0";"0";"0";"61";"0";"610";"0";"0";"0"
"1";"1";"3.4";"2";"4";"49";"0";"49";"0";"0";"0";"61";"0";"610";"0";"0";"0"
"1";"1";"3.7";"2";"4";"49";"0";"49";"0";"0";"0";"61";"0";"610";"0";"0";"0"
"1";"1";"4.0";"2";"4";"49";"0";"49";"0";"0";"0";"61";"0";"610";"0";"0";"0"
"1";"1";"4.3";"2";"4";"49";"0";"49";"0";"0";"0";"61";"0";"610";"0";"0";"0"
"1";"1";"4.6";"2";"4";"49";"0";"49";"0";"0";"0";"61";"0";"610";"0";"0";"0"
"1";"1";"4.9";"2";"4";"49";"0";"49";"0";"0";"0";"61";"0";"610";"0";"0";"0"
"1";"1";"5.2";"2";"4";"49";"0";"49";"0";"0";"0";"61";"0";"610";"0";"0";"0"
"1";"1";"5.5";"2";"4";"49";"0";"49";"0";"0";"0";"61";"0";"610";"0";"0";"0"
"1";"1";"5.8";"2";"4";"49";"0";"49";"0";"0";"0";"61";"0";"610";"0";"0";"0"
"1";"1";"6.1";"2";"4";"49";"0";"49";"0";"0";"0";"61";"0";"610";"0";"0";"0"
"1";"1";"6.4";"2";"4";"49";"0";"49";"0";"0";"0";"61";"0";"610";"0";"0";"0"
"1";"1";"6.7";"2";"4";"49";"0";"49";"0";"0";"0";"61";"0";"610";"0";"0";"0"
"1";"1";"7.0";"2";"4";"49";"0";"49";"0";"0";"0";"61";"0";"610";"0";"0";"0"
"1";"1";"7.3";"2";"4";"49";"0";"49";"0";"0";"0";"61";"0";"610";"0";"0";"0"
"1";"1";"7.6";"2";"4";"49";"0";"49";"0";"0";"0";"61";"0";"610";"0";"0";"0"
"1";"1";"7.9";"2";"4";"49";"0";"49";"0";"0";"0";"61";"0";"610";"0";"0";"0"
"1";"1";"8.2";"2";"4";"49";"0";"49";"0";"0";"0";"61";"0";"610";"0";"0";"0"
"1";"1";"8.5";"2";"4";"49";"0";"49";"0";"0";"0";"61";"0";"610";"0";"0";"0"
"1";"1";"8.8";"2";"4";"49";"0";"49";"0";"0";"0";"61";"0";"610";"0";"0";"0"
"1";"1";"9.1";"2";"4";"49";"0";"49";"0";"0";"0";"61";"0";"610";"0";"0";"0"
"1";"1";"9.4";"2";"4";"49";"0";"49";"0";"0";"0";"61";"0";"610";"0";"0";"0"
"1";"1";"9.7";"2";"4";"49";"0";"49";"0";"0";"0";"61";"0";"610";"0";"0";"0"
"0";"0";"0.1";"4";"4";"49";"0";"49";"0";"0";"0";"61";"0";"610";"0";"0";"0"
"0";"0";"0.4";"4";"4";"49";"0";"49";"0";"0";"0";"61";"0";"610";"0";"0";"0"
"0";"0";"0.7";"4";"4";"49";"0";"49";"0";"0";"0";"61";"0";"610";"0";"0";"0"
"0";"0";"1.0";"4";"4";"49";"0";"49";"0";"0";"0";"61";"0";"610";"0";"0";"0"
"0";"0";"1.3";"4";"4";"49";"0";"49";"0";"0";"0";"61";"0";"610";"0";"0";"0"
"0";"0";"1.6";"4";"4";"49";"0";"49";"0";"0";"0";"61";"0";"610";"0";"0";"0"
"0";"0";"1.9";"4";"4";"49";"0";"49";"0";"0";"0";"61";"0";"610";"0";"0";"0"
"0";"0";"2.2";"4";"4";"49";"0";"49";"0";"0";"0";"61";"0";"610";"0";"0";"0"
"0";"0";"2.5";"4";"4";"49";"0";"49";"0";"0";"0";"61";"0";"610";"0";"0";"0"
"0";"0";"2.8";"4";"4";"49";"0";"49";"0";"0";"0";"61";"0";"610";"0";"0";"0"
"0";"0";"3.1";"4";"4";"49";"0";"49";"0";"0";"0";"61";"0";"610";"0";"0";"0"
"0";"0";"3.4";"4";"4";"49";"0";"49";"0";"0";"0";"61";"0";"610";"0";"0";"0"
"0";"0";"3.7";"4";"4";"49";"0";"49";"0";"0";"0";"61";"0";"610";"0";"0";"0"
"0";"0";"4.0";"4";"4";"49";"0";"49";"0";"0";"0";"61";"0";"610";"0";"0";"0"
"0";"0";"4.3";"4";"4";"49";"0";"49";"0";"0";"0";"61";"0";"610";"0";"0";"0"
"0";"0";"4.6";"4";"4";"49";"0";"49";"0";"0";"0";"61";"0";"610";"0";"0";"0"
"0";"0";"4.9";"4";"4";"49";"0";"49";"0";"0";"0";"61";"0";"610";"0";"0";"0"
"0";"0";"5.2";"4";"4";"49";"0";"49";"0";"0";"0";"61";"0";"610";"0";"0";"0"
"0";"0";"5.5";"4";"4";"49";"0";"49";"0";"0";"0";"61";"0";"610";"0";"0";"0"
"0";"0";"5.8";"4";"4";"49";"0";"49";"0";"0";"0";"61";"0";"610";"0";"0";"0"
"0";"0";"6.1";"4";"4";"49";"0";"49";"0";"0";"0";"61";"0";"610";"0";"0";"0"
"0";"0";"6.4";"4";"4";"49";"0";"49";"0";"0";"0";"61";"0";"610";"0";"0";"0"
"0";"0";"6.7";"4";"4";"49";"0";"49";"0";"0";"0";"61";"0";"610";"0";"0";"0"
"0";"0";"7.0";"4";"4";"49";"0";"49";"0";"0";"0";"61";"0";"610";"0";"0";"0"
"0";"0";"7.3";"4";"4";"49";"0";"49";"0";"0";"0";"61";"0";"610";"0";"0";"0"
"0";"0";"7.6";"4";"4";"49";"0";"49";"0";"0";"0";"61";"0";"610";"0";"0";"0"
"0";"0";"7.9";"4";"4";"49";"0";"49";"0";"0";"0";"61";"0";"610";"0";"0";"0"
"0";"0";"8.2";"4";"4";"49";"0";"49";"0";"0";"0";"61";"0";"610";"0";"0";"0"
"0";"0";"8.5";"4";"4";"49";"0";"49";"0";"0";"0";"61";"0";"610";"0";"0";"0"
"0";"0";"8.8";"4";"4";"49";"0";"49";"0";"0";"0";"61";"0";"610";"0";"0";"0"
"0";"0";"9.1";"4";"4";"49";"0";"49";"0";"0";"0";"61";"0";"610";"0";"0";"0"
"0";"0";"9.4";"4";"4";"49";"0";"49";"0";"0";"0";"61";"0";"610";"0";"0";"0"
"0";"0";"9.7";"4";"4";"49";"0";"49";"0";"0";"0";"61";"0";"610";"0";"0";"0"
"0";"1";"dynamic";"4";"4";"49";"0";"49";"0";"0";"0";"61";"0";"610";"0";"0";"0"
"0";"1";"0.1";"4";"4";"49";"0";"49";"0";"0";"0";"61";"0";"610";"0";"0";"0"
"0";"1";"0.4";"4";"4";"49";"0";"49";"0";"0";"0";"61";"0";"610";"0";"0";"0"
"0";"1";"0.7";"4";"4";"49";"0";"49";"0";"0";"0";"61";"0";"610";"0";"0";"0"
"0";"1";"1.0";"4";"4";"49";"0";"49";"0";"0";"0";"61";"0";"610";"0";"0";"0"
"0";"1";"1.3";"4";"4";"49";"0";"49";"0";"0";"0";"61";"0";"610";"0";"0";"0"
"0";"1";"1.6";"4";"4";"49";"0";"49";"0";"0";"0";"61";"0";"610";"0";"0";"0"
"0";"1";"1.9";"4";"4";"49";"0";"49";"0";"0";"0";"61";"0";"610";"0";"0";"0"
"0";"1";"2.2";"4";"4";"49";"0";"49";"0";"0";"0";"61";"0";"610";"0";"0";"0"
"0";"1";"2.5";"4";"4";"49";"0";"49";"0";"0";"0";"61";"0";"610";"0";"0";"0"
"0";"1";"2.8";"4";"4";"49";"0";"49";"0";"0";"0";"61";"0";"610";"0";"0";"0"
"0";"1";"3.1";"4";"4";"49";"0";"49";"0";"0";"0";"61";"0";"610";"0";"0";"0"
"0";"1";"3.4";"4";"4";"49";"0";"49";"0";"0";"0";"61";"0";"610";"0";"0";"0"
"0";"1";"3.7";"4";"4";"49";"0";"49";"0";"0";"0";"61";"0";"610";"0";"0";"0"
"0";"1";"4.0";"4";"4";"49";"0";"49";"0";"0";"0";"61";"0";"610";"0";"0";"0"
"0";"1";"4.3";"4";"4";"49";"0";"49";"0";"0";"0";"61";"0";"610";"0";"0";"0"
"0";"1";"4.6";"4";"4";"49";"0";"49";"0";"0";"0";"61";"0";"610";"0";"0";"0"
"0";"1";"4.9";"4";"4";"49";"0";"49";"0";"0";"0";"61";"0";"610";"0";"0";"0"
"0";"1";"5.2";"4";"4";"49";"0";"49";"0";"0";"0";"61";"0";"610";"0";"0";"0"
"0";"1";"5.5";"4";"4";"49";"0";"49";"0";"0";"0";"61";"0";"610";"0";"0";"0"
"0";"1";"5.8";"4";"4";"49";"0";"49";"0";"0";"0";"61";"0";"610";"0";"0";"0"
"0";"1";"6.1";"4";"4";"49";"0";"49";"0";"0";"0";"61";"0";"610";"0";"0";"0"
"0";"1";"6.4";"4";"4";"49";"0";"49";"0";"0";"0";"61";"0";"610";"0";"0";"0"
"0";"1";"6.7";"4";"4";"49";"0";"49";"0";"0";"0";"61";"0";"610";"0";"0";"0"
"0";"1";"7.0";"4";"4";"49";"0";"49";"0";"0";"0";"61";"0";"610";"0";"0";"0"
"0";"1";"7.3";"4";"4";"49";"0";"49";"0";"0";"0";"61";"0";"610";"0";"0";"0"
"0";"1";"7.6";"4";"4";"49";"0";"49";"0";"0";"0";"61";"0";"610";"0";"0";"0"
"0";"1";"7.9";"4";"4";"49";"0";"49";"0";"0";"0";"61";"0";"610";"0";"0";"0"
"0";"1";"8.2";"4";"4";"49";"0";"49";"0";"0";"0";"61";"0";"610";"0";"0";"0"
"0";"1";"8.5";"4";"4";"49";"0";"49";"0";"0";"0";"61";"0";"610";"0";"0";"0"
"0";"1";"8.8";"4";"4";"49";"0";"49";"0";"0";"0";"61";"0";"610";"0";"0";"0"
"0";"1";"9.1";"4";"4";"49";"0";"49";"0";"0";"0";"61";"0";"610";"0";"0";"0"
"0";"1";"9.4";"4";"4";"49";"0";"49";"0";"0";"0";"61";"0";"610";"0";"0";"0"
"0";"1";"9.7";"4";"4";"49";"0";"49";"0";"0";"0";"61";"0";"610";"0";"0";"0"
"1";"0";"0.1";"4";"4";"49";"0";"49";"0";"0";"0";"61";"0";"610";"0";"0";"0"
"1";"0";"0.4";"4";"4";"49";"0";"49";"0";"0";"0";"61";"0";"610";"0";"0";"0"
"1";"0";"0.7";"4";"4";"49";"0";"49";"0";"0";"0";"61";"0";"610";"0";"0";"0"
"1";"0";"1.0";"4";"4";"49";"0";"49";"0";"0";"0";"61";"0";"610";"0";"0";"0"
"1";"0";"1.3";"4";"4";"49";"0";"49";"0";"0";"0";"61";"0";"610";"0";"0";"0"
"1";"0";"1.6";"4";"4";"49";"0";"49";"0";"0";"0";"61";"0";"610";"0";"0";"0"
"1";"0";"1.9";"4";"4";"49";"0";"49";"0";"0";"0";"61";"0";"610";"0";"0";"0"
"1";"0";"2.2";"4";"4";"49";"0";"49";"0";"0";"0";"61";"0";"610";"0";"0";"0"
"1";"0";"2.5";"4";"4";"49";"0";"49";"0";"0";"0";"61";"0";"610";"0";"0";"0"
"1";"0";"2.8";"4";"4";"49";"0";"49";"0";"0";"0";"61";"0";"610";"0";"0";"0"
"1";"0";"3.1";"4";"4";"49";"0";"49";"0";"0";"0";"61";"0";"610";"0";"0";"0"
"1";"0";"3.4";"4";"4";"49";"0";"49";"0";"0";"0";"61";"0";"610";"0";"0";"0"
"1";"0";"3.7";"4";"4";"49";"0";"49";"0";"0";"0";"61";"0";"610";"0";"0";"0"
"1";"0";"4.0";"4";"4";"49";"0";"49";"0";"0";"0";"61";"0";"610";"0";"0";"0"
"1";"0";"4.3";"4";"4";"49";"0";"49";"0";"0";"0";"61";"0";"610";"0";"0";"0"
"1";"0";"4.6";"4";"4";"49";"0";"49";"0";"0";"0";"61";"0";"610";"0";"0";"0"
"1";"0";"4.9";"4";"4";"49";"0";"49";"0";"0";"0";"61";"0";"610";"0";"0";"0"
"1";"0";"5.2";"4";"4";"49";"0";"49";"0";"0";"0";"61";"0";"610";"0";"0";"0"
"1";"0";"5.5";"4";"4";"49";"0";"49";"0";"0";"0";"61";"0";"610";"0";"0";"0"
"1";"0";"5.8";"4";"4";"49";"0";"49";"0";"0";"0";"61";"0";"610";"0";"0";"0"
"1";"0";"6.1";"4";"4";"49";"0";"49";"0";"0";"0";"61";"0";"610";"0";"0";"0"
"1";"0";"6.4";"4";"4";"49";"0";"49";"0";"0";"0";"61";"0";"610";"0";"0";"0"
"1";"0";"6.7";"4";"4";"49";"0";"49";"0";"0";"0";"61";"0";"610";"0";"0";"0"
"1";"0";"7.0";"4";"4";"49";"0";"49";"0";"0";"0";"61";"0";"610";"0";"0";"0"
"1";"0";"7.3";"4";"4";"49";"0";"49";"0";"0";"0";"61";"0";"610";"0";"0";"0"
"1";"0";"7.6";"4";"4";"49";"0";"49";"0";"0";"0";"61";"0";"610";"0";"0";"0"
"1";"0";"7.9";"4";"4";"49";"0";"49";"0";"0";"0";"61";"0";"610";"0";"0";"0"
"1";"0";"8.2";"4";"4";"49";"0";"49";"0";"0";"0";"61";"0";"610";"0";"0";"0"
"1";"0";"8.5";"4";"4";"49";"0";"49";"0";"0";"0";"61";"0";"610";"0";"0";"0"
"1";"0";"8.8";"4";"4";"49";"0";"49";"0";"0";"0";"61";"0";"610";"0";"0";"0"
"1";"0";"9.1";"4";"4";"49";"0";"49";"0";"0";"0";"61";"0";"610";"0";"0";"0"
"1";"0";"9.4";"4";"4";"49";"0";"49";"0";"0";"0";"61";"0";"610";"0";"0";"0"
"1";"0";"9.7";"4";"4";"49";"0";"49";"0";"0";"0";"61";"0";"610";"0";"0";"0"
"1";"1";"dynamic";"4";"4";"49";"0";"49";"0";"0";"0";"61";"0";"610";"0";"0";"0"
"1";"1";"0.1";"4";"4";"49";"0";"49";"0";"0";"0";"61";"0";"610";"0";"0";"0"
"1";"1";"0.4";"4";"4";"49";"0";"49";"0";"0";"0";"61";"0";"610";"0";"0";"0"
"1";"1";"0.7";"4";"4";"49";"0";"49";"0";"0";"0";"61";"0";"610";"0";"0";"0"
"1";"1";"1.0";"4";"4";"49";"0";"49";"0";"0";"0";"61";"0";"610";"0";"0";"0"
"1";"1";"1.3";"4";"4";"49";"0";"49";"0";"0";"0";"61";"0";"610";"0";"0";"0"
"1";"1";"1.6";"4";"4";"49";"0";"49";"0";"0";"0";"61";"0";"610";"0";"0";"0"
"1";"1";"1.9";"4";"4";"49";"0";"49";"0";"0";"0";"61";"0";"610";"0";"0";"0"
"1";"1";"2.2";"4";"4";"49";"0";"49";"0";"0";"0";"61";"0";"610";"0";"0";"0"
"1";"1";"2.5";"4";"4";"49";"0";"49";"0";"0";"0";"61";"0";"610";"0";"0";"0"
"1";"1";"2.8";"4";"4";"49";"0";"49";"0";"0";"0";"61";"0";"610";"0";"0";"0"
"1";"1";"3.1";"4";"4";"49";"0";"49";"0";"0";"0";"61";"0";"610";"0";"0";"0"
"1";"1";"3.4";"4";"4";"49";"0";"49";"0";"0";"0";"61";"0";"610";"0";"0";"0"
"1";"1";"3.7";"4";"4";"49";"0";"49";"0";"0";"0";"61";"0";"610";"0";"0";"0"
"1";"1";"4.0";"4";"4";"49";"0";"49";"0";"0";"0";"61";"0";"610";"0";"0";"0"
"1";"1";"4.3";"4";"4";"49";"0";"49";"0";"0";"0";"61";"0";"610";"0";"0";"0"
"1";"1";"4.6";"4";"4";"49";"0";"49";"0";"0";"0";"61";"0";"610";"0";"0";"0"
"1";"1";"4.9";"4";"4";"49";"0";"49";"0";"0";"0";"61";"0";"610";"0";"0";"0"
"1";"1";"5.2";"4";"4";"49";"0";"49";"0";"0";"0";"61";"0";"610";"0";"0";"0"
"1";"1";"5.5";"4";"4";"49";"0";"49";"0";"0";"0";"61";"0";"610";"0";"0";"0"
"1";"1";"5.8";"4";"4";"49";"0";"49";"0";"0";"0";"61";"0";"610";"0";"0";"0"
"1";"1";"6.1";"4";"4";"49";"0";"49";"0";"0";"0";"61";"0";"610";"0";"0";"0"
"1";"1";"6.4";"4";"4";"49";"0";"49";"0";"0";"0";"61";"0";"610";"0";"0";"0"
"1";"1";"6.7";"4";"4";"49";"0";"49";"0";"0";"0";"61";"0";"610";"0";"0";"0"
"1";"1";"7.0";"4";"4";"49";"0";"49";"0";"0";"0";"61";"0";"610";"0";"0";"0"
"1";"1";"7.3";"4";"4";"49";"0";"49";"0";"0";"0";"61";"0";"610";"0";"0";"0"
"1";"1";"7.6";"4";"4";"49";"0";"49";"0";"0";"0";"61";"0";"610";"0";"0";"0"
"1";"1";"7.9";"4";"4";"49";"0";"49";"0";"0";"0";"61";"0";"610";"0";"0";"0"
"1";"1";"8.2";"4";"4";"49";"0";"49";"0";"0";"0";"61";"0";"610";"0";"0";"0"
"1";"1";"8.5";"4";"4";"49";"0";"49";"0";"0";"0";"61";"0";"610";"0";"0";"0"
"1";"1";"8.8";"4";"4";"49";"0";"49";"0";"0";"0";"61";"0";"610";"0";"0";"0"
"1";"1";"9.1";"4";"4";"49";"0";"49";"0";"0";"0";"61";"0";"610";"0";"0";"0"
"1";"1";"9.4";"4";"4";"49";"0";"49";"0";"0";"0";"61";"0";"610";"0";"0";"0"
"1";"1";"9.7";"4";"4";"49";"0";"49";"0";"0";"0";"61";"0";"610";"0";"0";"0"
"0";"0";"0.1";"8";"4";"49";"0";"49";"0";"0";"0";"61";"0";"610";"0";"0";"0"
"0";"0";"0.4";"8";"4";"49";"0";"49";"0";"0";"0";"61";"0";"610";"0";"0";"0"
"0";"0";"0.7";"8";"4";"49";"0";"49";"0";"0";"0";"61";"0";"610";"0";"0";"0"
"0";"0";"1.0";"8";"4";"49";"0";"49";"0";"0";"0";"61";"0";"610";"0";"0";"0"
"0";"0";"1.3";"8";"4";"49";"0";"49";"0";"0";"0";"61";"0";"610";"0";"0";"0"
"0";"0";"1.6";"8";"4";"49";"0";"49";"0";"0";"0";"61";"0";"610";"0";"0";"0"
"0";"0";"1.9";"8";"4";"49";"0";"49";"0";"0";"0";"61";"0";"610";"0";"0";"0"
"0";"0";"2.2";"8";"4";"49";"0";"49";"0";"0";"0";"61";"0";"610";"0";"0";"0"
"0";"0";"2.5";"8";"4";"49";"0";"49";"0";"0";"0";"61";"0";"610";"0";"0";"0"
"0";"0";"2.8";"8";"4";"49";"0";"49";"0";"0";"0";"61";"0";"610";"0";"0";"0"
"0";"0";"3.1";"8";"4";"49";"0";"49";"0";"0";"0";"61";"0";"610";"0";"0";"0"
"0";"0";"3.4";"8";"4";"49";"0";"49";"0";"0";"0";"61";"0";"610";"0";"0";"0"
"0";"0";"3.7";"8";"4";"49";"0";"49";"0";"0";"0";"61";"0";"610";"0";"0";"0"
"0";"0";"4.0";"8";"4";"49";"0";"49";"0";"0";"0";"61";"0";"610";"0";"0";"0"
"0";"0";"4.3";"8";"4";"49";"0";"49";"0";"0";"0";"61";"0";"610";"0";"0";"0"
"0";"0";"4.6";"8";"4";"49";"0";"49";"0";"0";"0";"61";"0";"610";"0";"0";"0"
"0";"0";"4.9";"8";"4";"49";"0";"49";"0";"0";"0";"61";"0";"610";"0";"0";"0"
"0";"0";"5.2";"8";"4";"49";"0";"49";"0";"0";"0";"61";"0";"610";"0";"0";"0"
"0";"0";"5.5";"8";"4";"49";"0";"49";"0";"0";"0";"61";"0";"610";"0";"0";"0"
"0";"0";"5.8";"8";"4";"49";"0";"49";"0";"0";"0";"61";"0";"610";"0";"0";"0"
"0";"0";"6.1";"8";"4";"49";"0";"49";"0";"0";"0";"61";"0";"610";"0";"0";"0"
"0";"0";"6.4";"8";"4";"49";"0";"49";"0";"0";"0";"61";"0";"610";"0";"0";"0"
"0";"0";"6.7";"8";"4";"49";"0";"49";"0";"0";"0";"61";"0";"610";"0";"0";"0"
"0";"0";"7.0";"8";"4";"49";"0";"49";"0";"0";"0";"61";"0";"610";"0";"0";"0"
"0";"0";"7.3";"8";"4";"49";"0";"49";"0";"0";"0";"61";"0";"610";"0";"0";"0"
"0";"0";"7.6";"8";"4";"49";"0";"49";"0";"0";"0";"61";"0";"610";"0";"0";"0"
"0";"0";"7.9";"8";"4";"49";"0";"49";"0";"0";"0";"61";"0";"610";"0";"0";"0"
"0";"0";"8.2";"8";"4";"49";"0";"49";"0";"0";"0";"61";"0";"610";"0";"0";"0"
"0";"0";"8.5";"8";"4";"49";"0";"49";"0";"0";"0";"61";"0";"610";"0";"0";"0"
"0";"0";"8.8";"8";"4";"49";"0";"49";"0";"0";"0";"61";"0";"610";"0";"0";"0"
"0";"0";"9.1";"8";"4";"49";"0";"49";"0";"0";"0";"61";"0";"610";"0";"0";"0"
"0";"0";"9.4";"8";"4";"49";"0";"49";"0";"0";"0";"61";"0";"610";"0";"0";"0"
"0";"0";"9.7";"8";"4";"49";"0";"49";"0";"0";"0";"61";"0";"610";"0";"0";"0"
"0";"1";"dynamic";"8";"4";"49";"0";"49";"0";"0";"0";"61";"0";"610";"0";"0";"0"
"0";"1";"0.1";"8";"4";"49";"0";"49";"0";"0";"0";"61";"0";"610";"0";"0";"0"
"0";"1";"0.4";"8";"4";"49";"0";"49";"0";"0";"0";"61";"0";"610";"0";"0";"0"
"0";"1";"0.7";"8";"4";"49";"0";"49";"0";"0";"0";"61";"0";"610";"0";"0";"0"
"0";"1";"1.0";"8";"4";"49";"0";"49";"0";"0";"0";"61";"0";"610";"0";"0";"0"
"0";"1";"1.3";"8";"4";"49";"0";"49";"0";"0";"0";"61";"0";"610";"0";"0";"0"
"0";"1";"1.6";"8";"4";"49";"0";"49";"0";"0";"0";"61";"0";"610";"0";"0";"0"
"0";"1";"1.9";"8";"4";"49";"0";"49";"0";"0";"0";"61";"0";"610";"0";"0";"0"
"0";"1";"2.2";"8";"4";"49";"0";"49";"0";"0";"0";"61";"0";"610";"0";"0";"0"
"0";"1";"2.5";"8";"4";"49";"0";"49";"0";"0";"0";"61";"0";"610";"0";"0";"0"
"0";"1";"2.8";"8";"4";"49";"0";"49";"0";"0";"0";"61";"0";"610";"0";"0";"0"
"0";"1";"3.1";"8";"4";"49";"0";"49";"0";"0";"0";"61";"0";"610";"0";"0";"0"
"0";"1";"3.4";"8";"4";"49";"0";"49";"0";"0";"0";"61";"0";"610";"0";"0";"0"
"0";"1";"3.7";"8";"4";"49";"0";"49";"0";"0";"0";"61";"0";"610";"0";"0";"0"
"0";"1";"4.0";"8";"4";"49";"0";"49";"0";"0";"0";"61";"0";"610";"0";"0";"0"
"0";"1";"4.3";"8";"4";"49";"0";"49";"0";"0";"0";"61";"0";"610";"0";"0";"0"
"0";"1";"4.6";"8";"4";"49";"0";"49";"0";"0";"0";"61";"0";"610";"0";"0";"0"
"0";"1";"4.9";"8";"4";"49";"0";"49";"0";"0";"0";"61";"0";"610";"0";"0";"0"
"0";"1";"5.2";"8";"4";"49";"0";"49";"0";"0";"0";"61";"0";"610";"0";"0";"0"
"0";"1";"5.5";"8";"4";"49";"0";"49";"0";"0";"0";"61";"0";"610";"0";"0";"0"
"0";"1";"5.8";"8";"4";"49";"0";"49";"0";"0";"0";"61";"0";"610";"0";"0";"0"
"0";"1";"6.1";"8";"4";"49";"0";"49";"0";"0";"0";"61";"0";"610";"0";"0";"0"
"0";"1";"6.4";"8";"4";"49";"0";"49";"0";"0";"0";"61";"0";"610";"0";"0";"0"
"0";"1";"6.7";"8";"4";"49";"0";"49";"0";"0";"0";"61";"0";"610";"0";"0";"0"
"0";"1";"7.0";"8";"4";"49";"0";"49";"0";"0";"0";"61";"0";"610";"0";"0";"0"
"0";"1";"7.3";"8";"4";"49";"0";"49";"0";"0";"0";"61";"0";"610";"0";"0";"0"
"0";"1";"7.6";"8";"4";"49";"0";"49";"0";"0";"0";"61";"0";"610";"0";"0";"0"
"0";"1";"7.9";"8";"4";"49";"0";"49";"0";"0";"0";"61";"0";"610";"0";"0";"0"
"0";"1";"8.2";"8";"4";"49";"0";"49";"0";"0";"0";"61";"0";"610";"0";"0";"0"
"0";"1";"8.5";"8";"4";"49";"0";"49";"0";"0";"0";"61";"0";"610";"0";"0";"0"
"0";"1";"8.8";"8";"4";"49";"0";"49";"0";"0";"0";"61";"0";"610";"0";"0";"0"
"0";"1";"9.1";"8";"4";"49";"0";"49";"0";"0";"0";"61";"0";"610";"0";"0";"0"
"0";"1";"9.4";"8";"4";"49";"0";"49";"0";"0";"0";"61";"0";"610";"0";"0";"0"
"0";"1";"9.7";"8";"4";"49";"0";"49";"0";"0";"0";"61";"0";"610";"0";"0";"0"
"1";"0";"0.1";"8";"4";"49";"0";"49";"0";"0";"0";"61";"0";"610";"0";"0";"0"
"1";"0";"0.4";"8";"4";"49";"0";"49";"0";"0";"0";"61";"0";"610";"0";"0";"0"
"1";"0";"0.7";"8";"4";"49";"0";"49";"0";"0";"0";"61";"0";"610";"0";"0";"0"
"1";"0";"1.0";"8";"4";"49";"0";"49";"0";"0";"0";"61";"0";"610";"0";"0";"0"
"1";"0";"1.3";"8";"4";"49";"0";"49";"0";"0";"0";"61";"0";"610";"0";"0";"0"
"1";"0";"1.6";"8";"4";"49";"0";"49";"0";"0";"0";"61";"0";"610";"0";"0";"0"
"1";"0";"1.9";"8";"4";"49";"0";"49";"0";"0";"0";"61";"0";"610";"0";"0";"0"
"1";"0";"2.2";"8";"4";"49";"0";"49";"0";"0";"0";"61";"0";"610";"0";"0";"0"
"1";"0";"2.5";"8";"4";"49";"0";"49";"0";"0";"0";"61";"0";"610";"0";"0";"0"
"1";"0";"2.8";"8";"4";"49";"0";"49";"0";"0";"0";"61";"0";"610";"0";"0";"0"
"1";"0";"3.1";"8";"4";"49";"0";"49";"0";"0";"0";"61";"0";"610";"0";"0";"0"
"1";"0";"3.4";"8";"4";"49";"0";"49";"0";"0";"0";"61";"0";"610";"0";"0";"0"
"1";"0";"3.7";"8";"4";"49";"0";"49";"0";"0";"0";"61";"0";"610";"0";"0";"0"
"1";"0";"4.0";"8";"4";"49";"0";"49";"0";"0";"0";"61";"0";"610";"0";"0";"0"
"1";"0";"4.3";"8";"4";"49";"0";"49";"0";"0";"0";"61";"0";"610";"0";"0";"0"
"1";"0";"4.6";"8";"4";"49";"0";"49";"0";"0";"0";"61";"0";"610";"0";"0";"0"
"1";"0";"4.9";"8";"4";"49";"0";"49";"0";"0";"0";"61";"0";"610";"0";"0";"0"
"1";"0";"5.2";"8";"4";"49";"0";"49";"0";"0";"0";"61";"0";"610";"0";"0";"0"
"1";"0";"5.5";"8";"4";"49";"0";"49";"0";"0";"0";"61";"0";"610";"0";"0";"0"
"1";"0";"5.8";"8";"4";"49";"0";"49";"0";"0";"0";"61";"0";"610";"0";"0";"0"
"1";"0";"6.1";"8";"4";"49";"0";"49";"0";"0";"0";"61";"0";"610";"0";"0";"0"
"1";"0";"6.4";"8";"4";"49";"0";"49";"0";"0";"0";"61";"0";"610";"0";"0";"0"
"1";"0";"6.7";"8";"4";"49";"0";"49";"0";"0";"0";"61";"0";"610";"0";"0";"0"
"1";"0";"7.0";"8";"4";"49";"0";"49";"0";"0";"0";"61";"0";"610";"0";"0";"0"
"1";"0";"7.3";"8";"4";"49";"0";"49";"0";"0";"0";"61";"0";"610";"0";"0";"0"
"1";"0";"7.6";"8";"4";"49";"0";"49";"0";"0";"0";"61";"0";"610";"0";"0";"0"
"1";"0";"7.9";"8";"4";"49";"0";"49";"0";"0";"0";"61";"0";"610";"0";"0";"0"
"1";"0";"8.2";"8";"4";"49";"0";"49";"0";"0";"0";"61";"0";"610";"0";"0";"0"
"1";"0";"8.5";"8";"4";"49";"0";"49";"0";"0";"0";"61";"0";"610";"0";"0";"0"
"1";"0";"8.8";"8";"4";"49";"0";"49";"0";"0";"0";"61";"0";"610";"0";"0";"0"
"1";"0";"9.1";"8";"4";"49";"0";"49";"0";"0";"0";"61";"0";"610";"0";"0";"0"
"1";"0";"9.4";"8";"4";"49";"0";"49";"0";"0";"0";"61";"0";"610";"0";"0";"0"
"1";"0";"9.7";"8";"4";"49";"0";"49";"0";"0";"0";"61";"0";"610";"0";"0";"0"
"1";"1";"dynamic";"8";"4";"49";"0";"49";"0";"0";"0";"61";"0";"610";"0";"0";"0"
"1";"1";"0.1";"8";"4";"49";"0";"49";"0";"0";"0";"61";"0";"610";"0";"0";"0"
"1";"1";"0.4";"8";"4";"49";"0";"49";"0";"0";"0";"61";"0";"610";"0";"0";"0"
"1";"1";"0.7";"8";"4";"49";"0";"49";"0";"0";"0";"61";"0";"610";"0";"0";"0"
"1";"1";"1.0";"8";"4";"49";"0";"49";"0";"0";"0";"61";"0";"610";"0";"0";"0"
"1";"1";"1.3";"8";"4";"49";"0";"49";"0";"0";"0";"61";"0";"610";"0";"0";"0"
"1";"1";"1.6";"8";"4";"49";"0";"49";"0";"0";"0";"61";"0";"610";"0";"0";"0"
"1";"1";"1.9";"8";"4";"49";"0";"49";"0";"0";"0";"61";"0";"610";"0";"0";"0"
"1";"1";"2.2";"8";"4";"49";"0";"49";"0";"0";"0";"61";"0";"610";"0";"0";"0"
"1";"1";"2.5";"8";"4";"49";"0";"49";"0";"0";"0";"61";"0";"610";"0";"0";"0"
"1";"1";"2.8";"8";"4";"49";"0";"49";"0";"0";"0";"61";"0";"610";"0";"0";"0"
"1";"1";"3.1";"8";"4";"49";"0";"49";"0";"0";"0";"61";"0";"610";"0";"0";"0"
"1";"1";"3.4";"8";"4";"49";"0";"49";"0";"0";"0";"61";"0";"610";"0";"0";"0"
"1";"1";"3.7";"8";"4";"49";"0";"49";"0";"0";"0";"61";"0";"610";"0";"0";"0"
"1";"1";"4.0";"8";"4";"49";"0";"49";"0";"0";"0";"61";"0";"610";"0";"0";"0"
"1";"1";"4.3";"8";"4";"49";"0";"49";"0";"0";"0";"61";"0";"610";"0";"0";"0"
"1";"1";"4.6";"8";"4";"49";"0";"49";"0";"0";"0";"61";"0";"610";"0";"0";"0"
"1";"1";"4.9";"8";"4";"49";"0";"49";"0";"0";"0";"61";"0";"610";"0";"0";"0"
"1";"1";"5.2";"8";"4";"49";"0";"49";"0";"0";"0";"61";"0";"610";"0";"0";"0"
"1";"1";"5.5";"8";"4";"49";"0";"49";"0";"0";"0";"61";"0";"610";"0";"0";"0"
"1";"1";"5.8";"8";"4";"49";"0";"49";"0";"0";"0";"61";"0";"610";"0";"0";"0"
"1";"1";"6.1";"8";"4";"49";"0";"49";"0";"0";"0";"61";"0";"610";"0";"0";"0"
"1";"1";"6.4";"8";"4";"49";"0";"49";"0";"0";"0";"61";"0";"610";"0";"0";"0"
"1";"1";"6.7";"8";"4";"49";"0";"49";"0";"0";"0";"61";"0";"610";"0";"0";"0"
"1";"1";"7.0";"8";"4";"49";"0";"49";"0";"0";"0";"61";"0";"610";"0";"0";"0"
"1";"1";"7.3";"8";"4";"49";"0";"49";"0";"0";"0";"61";"0";"610";"0";"0";"0"
"1";"1";"7.6";"8";"4";"49";"0";"49";"0";"0";"0";"61";"0";"610";"0";"0";"0"
"1";"1";"7.9";"8";"4";"49";"0";"49";"0";"0";"0";"61";"0";"610";"0";"0";"0"
"1";"1";"8.2";"8";"4";"49";"0";"49";"0";"0";"0";"61";"0";"610";"0";"0";"0"
"1";"1";"8.5";"8";"4";"49";"0";"49";"0";"0";"0";"61";"0";"610";"0";"0";"0"
"1";"1";"8.8";"8";"4";"49";"0";"49";"0";"0";"0";"61";"0";"610";"0";"0";"0"
"1";"1";"9.1";"8";"4";"49";"0";"49";"0";"0";"0";"61";"0";"610";"0";"0";"0"
"1";"1";"9.4";"8";"4";"49";"0";"49";"0";"0";"0";"61";"0";"610";"0";"0";"0"
"1";"1";"9.7";"8";"4";"49";"0";"49";"0";"0";"0";"61";"0";"610";"0";"0";"0"
"0";"0";"0.1";"16";"4";"49";"0";"49";"0";"0";"0";"61";"0";"610";"0";"0";"0"
"0";"0";"0.4";"16";"4";"49";"0";"49";"0";"0";"0";"61";"0";"610";"0";"0";"0"
"0";"0";"0.7";"16";"4";"49";"0";"49";"0";"0";"0";"61";"0";"610";"0";"0";"0"
"0";"0";"1.0";"16";"4";"49";"0";"49";"0";"0";"0";"61";"0";"610";"0";"0";"0"
"0";"0";"1.3";"16";"4";"49";"0";"49";"0";"0";"0";"61";"0";"610";"0";"0";"0"
"0";"0";"1.6";"16";"4";"49";"0";"49";"0";"0";"0";"61";"0";"610";"0";"0";"0"
"0";"0";"1.9";"16";"4";"49";"0";"49";"0";"0";"0";"61";"0";"610";"0";"0";"0"
"0";"0";"2.2";"16";"4";"49";"0";"49";"0";"0";"0";"61";"0";"610";"0";"0";"0"
"0";"0";"2.5";"16";"4";"49";"0";"49";"0";"0";"0";"61";"0";"610";"0";"0";"0"
"0";"0";"2.8";"16";"4";"49";"0";"49";"0";"0";"0";"61";"0";"610";"0";"0";"0"
"0";"0";"3.1";"16";"4";"49";"0";"49";"0";"0";"0";"61";"0";"610";"0";"0";"0"
"0";"0";"3.4";"16";"4";"49";"0";"49";"0";"0";"0";"61";"0";"610";"0";"0";"0"
"0";"0";"3.7";"16";"4";"49";"0";"49";"0";"0";"0";"61";"0";"610";"0";"0";"0"
"0";"0";"4.0";"16";"4";"49";"0";"49";"0";"0";"0";"61";"0";"610";"0";"0";"0"
"0";"0";"4.3";"16";"4";"49";"0";"49";"0";"0";"0";"61";"0";"610";"0";"0";"0"
"0";"0";"4.6";"16";"4";"49";"0";"49";"0";"0";"0";"61";"0";"610";"0";"0";"0"
"0";"0";"4.9";"16";"4";"49";"0";"49";"0";"0";"0";"61";"0";"610";"0";"0";"0"
"0";"0";"5.2";"16";"4";"49";"0";"49";"0";"0";"0";"61";"0";"610";"0";"0";"0"
"0";"0";"5.5";"16";"4";"49";"0";"49";"0";"0";"0";"61";"0";"610";"0";"0";"0"
"0";"0";"5.8";"16";"4";"49";"0";"49";"0";"0";"0";"61";"0";"610";"0";"0";"0"
"0";"0";"6.1";"16";"4";"49";"0";"49";"0";"0";"0";"61";"0";"610";"0";"0";"0"
"0";"0";"6.4";"16";"4";"49";"0";"49";"0";"0";"0";"61";"0";"610";"0";"0";"0"
"0";"0";"6.7";"16";"4";"49";"0";"49";"0";"0";"0";"61";"0";"610";"0";"0";"0"
"0";"0";"7.0";"16";"4";"49";"0";"49";"0";"0";"0";"61";"0";"610";"0";"0";"0"
"0";"0";"7.3";"16";"4";"49";"0";"49";"0";"0";"0";"61";"0";"610";"0";"0";"0"
"0";"0";"7.6";"16";"4";"49";"0";"49";"0";"0";"0";"61";"0";"610";"0";"0";"0"
"0";"0";"7.9";"16";"4";"49";"0";"49";"0";"0";"0";"61";"0";"610";"0";"0";"0"
"0";"0";"8.2";"16";"4";"49";"0";"49";"0";"0";"0";"61";"0";"610";"0";"0";"0"
"0";"0";"8.5";"16";"4";"49";"0";"49";"0";"0";"0";"61";"0";"610";"0";"0";"0"
"0";"0";"8.8";"16";"4";"49";"0";"49";"0";"0";"0";"61";"0";"610";"0";"0";"0"
"0";"0";"9.1";"16";"4";"49";"0";"49";"0";"0";"0";"61";"0";"610";"0";"0";"0"
"0";"0";"9.4";"16";"4";"49";"0";"49";"0";"0";"0";"61";"0";"610";"0";"0";"0"
"0";"0";"9.7";"16";"4";"49";"0";"49";"0";"0";"0";"61";"0";"610";"0";"0";"0"
"0";"1";"dynamic";"16";"4";"49";"0";"49";"0";"0";"0";"61";"0";"610";"0";"0";"0"
"0";"1";"0.1";"16";"4";"49";"0";"49";"0";"0";"0";"61";"0";"610";"0";"0";"0"
"0";"1";"0.4";"16";"4";"49";"0";"49";"0";"0";"0";"61";"0";"610";"0";"0";"0"
"0";"1";"0.7";"16";"4";"49";"0";"49";"0";"0";"0";"61";"0";"610";"0";"0";"0"
"0";"1";"1.0";"16";"4";"49";"0";"49";"0";"0";"0";"61";"0";"610";"0";"0";"0"
"0";"1";"1.3";"16";"4";"49";"0";"49";"0";"0";"0";"61";"0";"610";"0";"0";"0"
"0";"1";"1.6";"16";"4";"49";"0";"49";"0";"0";"0";"61";"0";"610";"0";"0";"0"
"0";"1";"1.9";"16";"4";"49";"0";"49";"0";"0";"0";"61";"0";"610";"0";"0";"0"
"0";"1";"2.2";"16";"4";"49";"0";"49";"0";"0";"0";"61";"0";"610";"0";"0";"0"
"0";"1";"2.5";"16";"4";"49";"0";"49";"0";"0";"0";"61";"0";"610";"0";"0";"0"
"0";"1";"2.8";"16";"4";"49";"0";"49";"0";"0";"0";"61";"0";"610";"0";"0";"0"
"0";"1";"3.1";"16";"4";"49";"0";"49";"0";"0";"0";"61";"0";"610";"0";"0";"0"
"0";"1";"3.4";"16";"4";"49";"0";"49";"0";"0";"0";"61";"0";"610";"0";"0";"0"
"0";"1";"3.7";"16";"4";"49";"0";"49";"0";"0";"0";"61";"0";"610";"0";"0";"0"
"0";"1";"4.0";"16";"4";"49";"0";"49";"0";"0";"0";"61";"0";"610";"0";"0";"0"
"0";"1";"4.3";"16";"4";"49";"0";"49";"0";"0";"0";"61";"0";"610";"0";"0";"0"
"0";"1";"4.6";"16";"4";"49";"0";"49";"0";"0";"0";"61";"0";"610";"0";"0";"0"
"0";"1";"4.9";"16";"4";"49";"0";"49";"0";"0";"0";"61";"0";"610";"0";"0";"0"
"0";"1";"5.2";"16";"4";"49";"0";"49";"0";"0";"0";"61";"0";"610";"0";"0";"0"
"0";"1";"5.5";"16";"4";"49";"0";"49";"0";"0";"0";"61";"0";"610";"0";"0";"0"
"0";"1";"5.8";"16";"4";"49";"0";"49";"0";"0";"0";"61";"0";"610";"0";"0";"0"
"0";"1";"6.1";"16";"4";"49";"0";"49";"0";"0";"0";"61";"0";"610";"0";"0";"0"
"0";"1";"6.4";"16";"4";"49";"0";"49";"0";"0";"0";"61";"0";"610";"0";"0";"0"
"0";"1";"6.7";"16";"4";"49";"0";"49";"0";"0";"0";"61";"0";"610";"0";"0";"0"
"0";"1";"7.0";"16";"4";"49";"0";"49";"0";"0";"0";"61";"0";"610";"0";"0";"0"
"0";"1";"7.3";"16";"4";"49";"0";"49";"0";"0";"0";"61";"0";"610";"0";"0";"0"
"0";"1";"7.6";"16";"4";"49";"0";"49";"0";"0";"0";"61";"0";"610";"0";"0";"0"
"0";"1";"7.9";"16";"4";"49";"0";"49";"0";"0";"0";"61";"0";"610";"0";"0";"0"
"0";"1";"8.2";"16";"4";"49";"1";"49";"0";"0";"0";"61";"0";"610";"0";"0";"0"
"0";"1";"8.5";"16";"4";"49";"0";"49";"0";"0";"0";"61";"0";"610";"0";"0";"0"
"0";"1";"8.8";"16";"4";"49";"0";"49";"0";"0";"0";"61";"0";"610";"0";"0";"0"
"0";"1";"9.1";"16";"4";"49";"0";"49";"0";"0";"0";"61";"0";"610";"0";"0";"0"
"0";"1";"9.4";"16";"4";"49";"0";"49";"0";"0";"0";"61";"0";"610";"0";"0";"0"
"0";"1";"9.7";"16";"4";"49";"0";"49";"0";"0";"0";"61";"0";"610";"0";"0";"0"
"1";"0";"0.1";"16";"4";"49";"0";"49";"0";"0";"0";"61";"0";"610";"0";"0";"0"
"1";"0";"0.4";"16";"4";"49";"0";"49";"0";"0";"0";"61";"0";"610";"0";"0";"0"
"1";"0";"0.7";"16";"4";"49";"0";"49";"0";"0";"0";"61";"0";"610";"0";"0";"0"
"1";"0";"1.0";"16";"4";"49";"0";"49";"0";"0";"0";"61";"0";"610";"0";"0";"0"
"1";"0";"1.3";"16";"4";"49";"0";"49";"0";"0";"0";"61";"0";"610";"0";"0";"0"
"1";"0";"1.6";"16";"4";"49";"0";"49";"0";"0";"0";"61";"0";"610";"0";"0";"0"
"1";"0";"1.9";"16";"4";"49";"0";"49";"0";"0";"0";"61";"0";"610";"0";"0";"0"
"1";"0";"2.2";"16";"4";"49";"0";"49";"0";"0";"0";"61";"0";"610";"0";"0";"0"
"1";"0";"2.5";"16";"4";"49";"0";"49";"0";"0";"0";"61";"0";"610";"0";"0";"0"
"1";"0";"2.8";"16";"4";"49";"0";"49";"0";"0";"0";"61";"0";"610";"0";"0";"0"
"1";"0";"3.1";"16";"4";"49";"0";"49";"0";"0";"0";"61";"0";"610";"0";"0";"0"
"1";"0";"3.4";"16";"4";"49";"0";"49";"0";"0";"0";"61";"0";"610";"0";"0";"0"
"1";"0";"3.7";"16";"4";"49";"0";"49";"0";"0";"0";"61";"0";"610";"0";"0";"0"
"1";"0";"4.0";"16";"4";"49";"0";"49";"0";"0";"0";"61";"0";"610";"0";"0";"0"
"1";"0";"4.3";"16";"4";"49";"0";"49";"0";"0";"0";"61";"0";"610";"0";"0";"0"
"1";"0";"4.6";"16";"4";"49";"0";"49";"0";"0";"0";"61";"0";"610";"0";"0";"0"
"1";"0";"4.9";"16";"4";"49";"0";"49";"0";"0";"0";"61";"0";"610";"0";"0";"0"
"1";"0";"5.2";"16";"4";"49";"0";"49";"0";"0";"0";"61";"0";"610";"0";"0";"0"
"1";"0";"5.5";"16";"4";"49";"0";"49";"0";"0";"0";"61";"0";"610";"0";"0";"0"
"1";"0";"5.8";"16";"4";"49";"0";"49";"0";"0";"0";"61";"0";"610";"0";"0";"0"
"1";"0";"6.1";"16";"4";"49";"0";"49";"0";"0";"0";"61";"0";"610";"0";"0";"0"
"1";"0";"6.4";"16";"4";"49";"0";"49";"0";"0";"0";"61";"0";"610";"0";"0";"0"
"1";"0";"6.7";"16";"4";"49";"0";"49";"0";"0";"0";"61";"0";"610";"0";"0";"0"
"1";"0";"7.0";"16";"4";"49";"0";"49";"0";"0";"0";"61";"0";"610";"0";"0";"0"
"1";"0";"7.3";"16";"4";"49";"0";"49";"0";"0";"0";"61";"0";"610";"0";"0";"0"
"1";"0";"7.6";"16";"4";"49";"0";"49";"0";"0";"0";"61";"0";"610";"0";"0";"0"
"1";"0";"7.9";"16";"4";"49";"0";"49";"0";"0";"0";"61";"0";"610";"0";"0";"0"
"1";"0";"8.2";"16";"4";"49";"0";"49";"0";"0";"0";"61";"0";"610";"0";"0";"0"
"1";"0";"8.5";"16";"4";"49";"0";"49";"0";"0";"0";"61";"0";"610";"0";"0";"0"
"1";"0";"8.8";"16";"4";"49";"0";"49";"0";"0";"0";"61";"0";"610";"0";"0";"0"
"1";"0";"9.1";"16";"4";"49";"0";"49";"0";"0";"0";"61";"0";"610";"0";"0";"0"
"1";"0";"9.4";"16";"4";"49";"0";"49";"0";"0";"0";"61";"0";"610";"0";"0";"0"
"1";"0";"9.7";"16";"4";"49";"0";"49";"0";"0";"0";"61";"0";"610";"0";"0";"0"
"1";"1";"dynamic";"16";"4";"49";"0";"49";"0";"0";"0";"61";"0";"610";"0";"0";"0"
"1";"1";"0.1";"16";"4";"49";"0";"49";"0";"0";"0";"61";"0";"610";"0";"0";"0"
"1";"1";"0.4";"16";"4";"49";"0";"49";"0";"0";"0";"61";"0";"610";"0";"0";"0"
"1";"1";"0.7";"16";"4";"49";"0";"49";"0";"0";"0";"61";"0";"610";"0";"0";"0"
"1";"1";"1.0";"16";"4";"49";"0";"49";"0";"0";"0";"61";"0";"610";"0";"0";"0"
"1";"1";"1.3";"16";"4";"49";"0";"49";"0";"0";"0";"61";"0";"610";"0";"0";"0"
"1";"1";"1.6";"16";"4";"49";"0";"49";"0";"0";"0";"61";"0";"610";"0";"0";"0"
"1";"1";"1.9";"16";"4";"49";"0";"49";"0";"0";"0";"61";"0";"610";"0";"0";"0"
"1";"1";"2.2";"16";"4";"49";"0";"49";"0";"0";"0";"61";"0";"610";"0";"0";"0"
"1";"1";"2.5";"16";"4";"49";"0";"49";"0";"0";"0";"61";"0";"610";"0";"0";"0"
"1";"1";"2.8";"16";"4";"49";"0";"49";"0";"0";"0";"61";"0";"610";"0";"0";"0"
"1";"1";"3.1";"16";"4";"49";"0";"49";"0";"0";"0";"61";"0";"610";"0";"0";"0"
"1";"1";"3.4";"16";"4";"49";"0";"49";"0";"0";"0";"61";"0";"610";"0";"0";"0"
"1";"1";"3.7";"16";"4";"49";"0";"49";"0";"0";"0";"61";"0";"610";"0";"0";"0"
"1";"1";"4.0";"16";"4";"49";"0";"49";"0";"0";"0";"61";"0";"610";"0";"0";"0"
"1";"1";"4.3";"16";"4";"49";"0";"49";"0";"0";"0";"61";"0";"610";"0";"0";"0"
"1";"1";"4.6";"16";"4";"49";"0";"49";"0";"0";"0";"61";"0";"610";"0";"0";"0"
"1";"1";"4.9";"16";"4";"49";"0";"49";"0";"0";"0";"61";"0";"610";"0";"0";"0"
"1";"1";"5.2";"16";"4";"49";"0";"49";"0";"0";"0";"61";"0";"610";"0";"0";"0"
"1";"1";"5.5";"16";"4";"49";"0";"49";"0";"0";"0";"61";"0";"610";"0";"0";"0"
"1";"1";"5.8";"16";"4";"49";"0";"49";"0";"0";"0";"61";"0";"610";"0";"0";"0"
"1";"1";"6.1";"16";"4";"49";"0";"49";"0";"0";"0";"61";"0";"610";"0";"0";"0"
"1";"1";"6.4";"16";"4";"49";"0";"49";"0";"0";"0";"61";"0";"610";"0";"0";"0"
"1";"1";"6.7";"16";"4";"49";"0";"49";"0";"0";"0";"61";"0";"610";"0";"0";"0"
"1";"1";"7.0";"16";"4";"49";"0";"49";"0";"0";"0";"61";"0";"610";"0";"0";"0"
"1";"1";"7.3";"16";"4";"49";"0";"49";"0";"0";"0";"61";"0";"610";"0";"0";"0"
"1";"1";"7.6";"16";"4";"49";"0";"49";"0";"0";"0";"61";"0";"610";"0";"0";"0"
"1";"1";"7.9";"16";"4";"49";"0";"49";"0";"0";"0";"61";"0";"610";"0";"0";"0"
"1";"1";"8.2";"16";"4";"49";"0";"49";"0";"0";"0";"61";"0";"610";"0";"0";"0"
"1";"1";"8.5";"16";"4";"49";"0";"49";"0";"0";"0";"61";"0";"610";"0";"0";"0"
"1";"1";"8.8";"16";"4";"49";"0";"49";"0";"0";"0";"61";"0";"610";"0";"0";"0"
"1";"1";"9.1";"16";"4";"49";"0";"49";"0";"0";"0";"61";"0";"610";"0";"0";"0"
"1";"1";"9.4";"16";"4";"49";"0";"49";"0";"0";"0";"61";"0";"610";"0";"0";"0"
"1";"1";"9.7";"16";"4";"49";"0";"49";"0";"0";"0";"61";"0";"610";"0";"0";"0"
"0";"0";"0.1";"32";"4";"49";"0";"49";"0";"0";"0";"61";"0";"610";"0";"0";"0"
"0";"0";"0.4";"32";"4";"49";"0";"49";"0";"0";"0";"61";"0";"610";"0";"0";"0"
"0";"0";"0.7";"32";"4";"49";"0";"49";"0";"0";"0";"61";"0";"610";"0";"0";"0"
"0";"0";"1.0";"32";"4";"49";"0";"49";"0";"0";"0";"61";"0";"610";"0";"0";"0"
"0";"0";"1.3";"32";"4";"49";"0";"49";"0";"0";"0";"61";"0";"610";"0";"0";"0"
"0";"0";"1.6";"32";"4";"49";"0";"49";"0";"0";"0";"61";"0";"610";"0";"0";"0"
"0";"0";"1.9";"32";"4";"49";"0";"49";"0";"0";"0";"61";"0";"610";"0";"0";"0"
"0";"0";"2.2";"32";"4";"49";"0";"49";"0";"0";"0";"61";"0";"610";"0";"0";"0"
"0";"0";"2.5";"32";"4";"49";"0";"49";"0";"0";"0";"61";"0";"610";"0";"0";"0"
"0";"0";"2.8";"32";"4";"49";"0";"49";"0";"0";"0";"61";"0";"610";"0";"0";"0"
"0";"0";"3.1";"32";"4";"49";"0";"49";"0";"0";"0";"61";"0";"610";"0";"0";"0"
"0";"0";"3.4";"32";"4";"49";"0";"49";"0";"0";"0";"61";"0";"610";"0";"0";"0"
"0";"0";"3.7";"32";"4";"49";"0";"49";"0";"0";"0";"61";"0";"610";"0";"0";"0"
"0";"0";"4.0";"32";"4";"49";"0";"49";"0";"0";"0";"61";"0";"610";"0";"0";"0"
"0";"0";"4.3";"32";"4";"49";"0";"49";"0";"0";"0";"61";"0";"610";"0";"0";"0"
"0";"0";"4.6";"32";"4";"49";"0";"49";"0";"0";"0";"61";"0";"610";"0";"0";"0"
"0";"0";"4.9";"32";"4";"49";"0";"49";"0";"0";"0";"61";"0";"610";"0";"0";"0"
"0";"0";"5.2";"32";"4";"49";"0";"49";"0";"0";"0";"61";"0";"610";"0";"0";"0"
"0";"0";"5.5";"32";"4";"49";"0";"49";"0";"0";"0";"61";"0";"610";"0";"0";"0"
"0";"0";"5.8";"32";"4";"49";"0";"49";"0";"0";"0";"61";"0";"610";"0";"0";"0"
"0";"0";"6.1";"32";"4";"49";"0";"49";"0";"0";"0";"61";"0";"610";"0";"0";"0"
"0";"0";"6.4";"32";"4";"49";"0";"49";"0";"0";"0";"61";"0";"610";"0";"0";"0"
"0";"0";"6.7";"32";"4";"49";"0";"49";"0";"0";"0";"61";"0";"610";"0";"0";"0"
"0";"0";"7.0";"32";"4";"49";"0";"49";"0";"0";"0";"61";"0";"610";"0";"0";"0"
"0";"0";"7.3";"32";"4";"49";"0";"49";"0";"0";"0";"61";"0";"610";"0";"0";"0"
"0";"0";"7.6";"32";"4";"49";"0";"49";"0";"0";"0";"61";"0";"610";"0";"0";"0"
"0";"0";"7.9";"32";"4";"49";"0";"49";"0";"0";"0";"61";"0";"610";"0";"0";"0"
"0";"0";"8.2";"32";"4";"49";"0";"49";"0";"0";"0";"61";"0";"610";"0";"0";"0"
"0";"0";"8.5";"32";"4";"49";"0";"49";"0";"0";"0";"61";"0";"610";"0";"0";"0"
"0";"0";"8.8";"32";"4";"49";"0";"49";"0";"0";"0";"61";"0";"610";"0";"0";"0"
"0";"0";"9.1";"32";"4";"49";"0";"49";"0";"0";"0";"61";"0";"610";"0";"0";"0"
"0";"0";"9.4";"32";"4";"49";"0";"49";"0";"0";"0";"61";"0";"610";"0";"0";"0"
"0";"0";"9.7";"32";"4";"49";"0";"49";"0";"0";"0";"61";"0";"610";"0";"0";"0"
"0";"1";"dynamic";"32";"4";"49";"0";"49";"0";"0";"0";"61";"0";"610";"0";"0";"0"
"0";"1";"0.1";"32";"4";"49";"0";"49";"0";"0";"0";"61";"0";"610";"0";"0";"0"
"0";"1";"0.4";"32";"4";"49";"0";"49";"0";"0";"0";"61";"0";"610";"0";"0";"0"
"0";"1";"0.7";"32";"4";"49";"0";"49";"0";"0";"0";"61";"0";"610";"0";"0";"0"
"0";"1";"1.0";"32";"4";"49";"0";"49";"0";"0";"0";"61";"0";"610";"0";"0";"0"
"0";"1";"1.3";"32";"4";"49";"0";"49";"0";"0";"0";"61";"0";"610";"0";"0";"0"
"0";"1";"1.6";"32";"4";"49";"0";"49";"0";"0";"0";"61";"0";"610";"0";"0";"0"
"0";"1";"1.9";"32";"4";"49";"0";"49";"0";"0";"0";"61";"0";"610";"0";"0";"0"
"0";"1";"2.2";"32";"4";"49";"0";"49";"0";"0";"0";"61";"0";"610";"0";"0";"0"
"0";"1";"2.5";"32";"4";"49";"0";"49";"0";"0";"0";"61";"0";"610";"0";"0";"0"
"0";"1";"2.8";"32";"4";"49";"0";"49";"0";"0";"0";"61";"0";"610";"0";"0";"0"
"0";"1";"3.1";"32";"4";"49";"0";"49";"0";"0";"0";"61";"0";"610";"0";"0";"0"
"0";"1";"3.4";"32";"4";"49";"0";"49";"0";"0";"0";"61";"0";"610";"0";"0";"0"
"0";"1";"3.7";"32";"4";"49";"0";"49";"0";"0";"0";"61";"0";"610";"0";"0";"0"
"0";"1";"4.0";"32";"4";"49";"0";"49";"0";"0";"0";"61";"0";"610";"0";"0";"0"
"0";"1";"4.3";"32";"4";"49";"0";"49";"0";"0";"0";"61";"0";"610";"0";"0";"0"
"0";"1";"4.6";"32";"4";"49";"0";"49";"0";"0";"0";"61";"0";"610";"0";"0";"0"
"0";"1";"4.9";"32";"4";"49";"0";"49";"0";"0";"0";"61";"0";"610";"0";"0";"0"
"0";"1";"5.2";"32";"4";"49";"0";"49";"0";"0";"0";"61";"0";"610";"0";"0";"0"
"0";"1";"5.5";"32";"4";"49";"0";"49";"0";"0";"0";"61";"0";"610";"0";"0";"0"
"0";"1";"5.8";"32";"4";"49";"0";"49";"0";"0";"0";"61";"0";"610";"0";"0";"0"
"0";"1";"6.1";"32";"4";"49";"0";"49";"0";"0";"0";"61";"0";"610";"0";"0";"0"
"0";"1";"6.4";"32";"4";"49";"0";"49";"0";"0";"0";"61";"0";"610";"0";"0";"0"
"0";"1";"6.7";"32";"4";"49";"0";"49";"0";"0";"0";"61";"0";"610";"0";"0";"0"
"0";"1";"7.0";"32";"4";"49";"0";"49";"0";"0";"0";"61";"0";"610";"0";"0";"0"
"0";"1";"7.3";"32";"4";"49";"0";"49";"0";"0";"0";"61";"0";"610";"0";"0";"0"
"0";"1";"7.6";"32";"4";"49";"0";"49";"0";"0";"0";"61";"0";"610";"0";"0";"0"
"0";"1";"7.9";"32";"4";"49";"0";"49";"0";"0";"0";"61";"0";"610";"0";"0";"0"
"0";"1";"8.2";"32";"4";"49";"0";"49";"0";"0";"0";"61";"0";"610";"0";"0";"0"
"0";"1";"8.5";"32";"4";"49";"0";"49";"0";"0";"0";"61";"0";"610";"0";"0";"0"
"0";"1";"8.8";"32";"4";"49";"0";"49";"0";"0";"0";"61";"0";"610";"0";"0";"0"
"0";"1";"9.1";"32";"4";"49";"0";"49";"0";"0";"0";"61";"0";"610";"0";"0";"0"
"0";"1";"9.4";"32";"4";"49";"0";"49";"0";"0";"0";"61";"0";"610";"0";"0";"0"
"0";"1";"9.7";"32";"4";"49";"0";"49";"0";"0";"0";"61";"0";"610";"0";"0";"0"
"1";"0";"0.1";"32";"4";"49";"0";"49";"0";"0";"0";"61";"0";"610";"0";"0";"0"
"1";"0";"0.4";"32";"4";"49";"0";"49";"0";"0";"0";"61";"0";"610";"0";"0";"0"
"1";"0";"0.7";"32";"4";"49";"0";"49";"0";"0";"0";"61";"0";"610";"0";"0";"0"
"1";"0";"1.0";"32";"4";"49";"0";"49";"0";"0";"0";"61";"0";"610";"0";"0";"0"
"1";"0";"1.3";"32";"4";"49";"0";"49";"0";"0";"0";"61";"0";"610";"0";"0";"0"
"1";"0";"1.6";"32";"4";"49";"0";"49";"0";"0";"0";"61";"0";"610";"0";"0";"0"
"1";"0";"1.9";"32";"4";"49";"0";"49";"0";"0";"0";"61";"0";"610";"0";"0";"0"
"1";"0";"2.2";"32";"4";"49";"0";"49";"0";"0";"0";"61";"0";"610";"0";"0";"0"
"1";"0";"2.5";"32";"4";"49";"0";"49";"0";"0";"0";"61";"0";"610";"0";"0";"0"
"1";"0";"2.8";"32";"4";"49";"0";"49";"0";"0";"0";"61";"0";"610";"0";"0";"0"
"1";"0";"3.1";"32";"4";"49";"0";"49";"0";"0";"0";"61";"0";"610";"0";"0";"0"
"1";"0";"3.4";"32";"4";"49";"0";"49";"0";"0";"0";"61";"0";"610";"0";"0";"0"
"1";"0";"3.7";"32";"4";"49";"0";"49";"0";"0";"0";"61";"0";"610";"0";"0";"0"
"1";"0";"4.0";"32";"4";"49";"0";"49";"0";"0";"0";"61";"0";"610";"0";"0";"0"
"1";"0";"4.3";"32";"4";"49";"0";"49";"0";"0";"0";"61";"0";"610";"0";"0";"0"
"1";"0";"4.6";"32";"4";"49";"0";"49";"0";"0";"0";"61";"0";"610";"0";"0";"0"
"1";"0";"4.9";"32";"4";"49";"0";"49";"0";"0";"0";"61";"0";"610";"0";"0";"0"
"1";"0";"5.2";"32";"4";"49";"0";"49";"0";"0";"0";"61";"0";"610";"0";"0";"0"
"1";"0";"5.5";"32";"4";"49";"0";"49";"0";"0";"0";"61";"0";"610";"0";"0";"0"
"1";"0";"5.8";"32";"4";"49";"0";"49";"0";"0";"0";"61";"0";"610";"0";"0";"0"
"1";"0";"6.1";"32";"4";"49";"0";"49";"0";"0";"0";"61";"0";"610";"0";"0";"0"
"1";"0";"6.4";"32";"4";"49";"0";"49";"0";"0";"0";"61";"0";"610";"0";"0";"0"
"1";"0";"6.7";"32";"4";"49";"0";"49";"0";"0";"0";"61";"0";"610";"0";"0";"0"
"1";"0";"7.0";"32";"4";"49";"0";"49";"0";"0";"0";"61";"0";"610";"0";"0";"0"
"1";"0";"7.3";"32";"4";"49";"0";"49";"0";"0";"0";"61";"0";"610";"0";"0";"0"
"1";"0";"7.6";"32";"4";"49";"0";"49";"0";"0";"0";"61";"0";"610";"0";"0";"0"
"1";"0";"7.9";"32";"4";"49";"0";"49";"0";"0";"0";"61";"0";"610";"0";"0";"0"
"1";"0";"8.2";"32";"4";"49";"0";"49";"0";"0";"0";"61";"0";"610";"0";"0";"0"
"1";"0";"8.5";"32";"4";"49";"0";"49";"0";"0";"0";"61";"0";"610";"0";"0";"0"
"1";"0";"8.8";"32";"4";"49";"0";"49";"0";"0";"0";"61";"0";"610";"0";"0";"0"
"1";"0";"9.1";"32";"4";"49";"0";"49";"0";"0";"0";"61";"0";"610";"0";"0";"0"
"1";"0";"9.4";"32";"4";"49";"0";"49";"0";"0";"0";"61";"0";"610";"0";"0";"0"
"1";"0";"9.7";"32";"4";"49";"0";"49";"0";"0";"0";"61";"0";"610";"0";"0";"0"
"1";"1";"dynamic";"32";"4";"49";"0";"49";"0";"0";"0";"61";"0";"610";"0";"0";"0"
"1";"1";"0.1";"32";"4";"49";"0";"49";"0";"0";"0";"61";"0";"610";"0";"0";"0"
"1";"1";"0.4";"32";"4";"49";"0";"49";"0";"0";"0";"61";"0";"610";"0";"0";"0"
"1";"1";"0.7";"32";"4";"49";"0";"49";"0";"0";"0";"61";"0";"610";"0";"0";"0"
"1";"1";"1.0";"32";"4";"49";"0";"49";"0";"0";"0";"61";"0";"610";"0";"0";"0"
"1";"1";"1.3";"32";"4";"49";"0";"49";"0";"0";"0";"61";"0";"610";"0";"0";"0"
"1";"1";"1.6";"32";"4";"49";"0";"49";"0";"0";"0";"61";"0";"610";"0";"0";"0"
"1";"1";"1.9";"32";"4";"49";"0";"49";"0";"0";"0";"61";"0";"610";"0";"0";"0"
"1";"1";"2.2";"32";"4";"49";"0";"49";"0";"0";"0";"61";"0";"610";"0";"0";"0"
"1";"1";"2.5";"32";"4";"49";"0";"49";"0";"0";"0";"61";"0";"610";"0";"0";"0"
"1";"1";"2.8";"32";"4";"49";"0";"49";"0";"0";"0";"61";"0";"610";"0";"0";"0"
"1";"1";"3.1";"32";"4";"49";"0";"49";"0";"0";"0";"61";"0";"610";"0";"0";"0"
"1";"1";"3.4";"32";"4";"49";"0";"49";"0";"0";"0";"61";"0";"610";"0";"0";"0"
"1";"1";"3.7";"32";"4";"49";"0";"49";"0";"0";"0";"61";"0";"610";"0";"0";"0"
"1";"1";"4.0";"32";"4";"49";"0";"49";"0";"0";"0";"61";"0";"610";"0";"0";"0"
"1";"1";"4.3";"32";"4";"49";"0";"49";"0";"0";"0";"61";"0";"610";"0";"0";"0"
"1";"1";"4.6";"32";"4";"49";"0";"49";"0";"0";"0";"61";"0";"610";"0";"0";"0"
"1";"1";"4.9";"32";"4";"49";"0";"49";"0";"0";"0";"61";"0";"610";"0";"0";"0"
"1";"1";"5.2";"32";"4";"49";"0";"49";"0";"0";"0";"61";"0";"610";"0";"0";"0"
"1";"1";"5.5";"32";"4";"49";"0";"49";"0";"0";"0";"61";"0";"610";"0";"0";"0"
"1";"1";"5.8";"32";"4";"49";"0";"49";"0";"0";"0";"61";"0";"610";"0";"0";"0"
"1";"1";"6.1";"32";"4";"49";"0";"49";"0";"0";"0";"61";"0";"610";"0";"0";"0"
"1";"1";"6.4";"32";"4";"49";"0";"49";"0";"0";"0";"61";"0";"610";"0";"0";"0"
"1";"1";"6.7";"32";"4";"49";"0";"49";"0";"0";"0";"61";"0";"610";"0";"0";"0"
"1";"1";"7.0";"32";"4";"49";"0";"49";"0";"0";"0";"61";"0";"610";"0";"0";"0"
"1";"1";"7.3";"32";"4";"49";"0";"49";"0";"0";"0";"61";"0";"610";"0";"0";"0"
"1";"1";"7.6";"32";"4";"49";"0";"49";"0";"0";"0";"61";"0";"610";"0";"0";"0"
"1";"1";"7.9";"32";"4";"49";"0";"49";"0";"0";"0";"61";"0";"610";"0";"0";"0"
"1";"1";"8.2";"32";"4";"49";"0";"49";"0";"0";"0";"61";"0";"610";"0";"0";"0"
"1";"1";"8.5";"32";"4";"49";"0";"49";"0";"0";"0";"61";"0";"610";"0";"0";"0"
"1";"1";"8.8";"32";"4";"49";"0";"49";"0";"0";"0";"61";"0";"610";"0";"0";"0"
"1";"1";"9.1";"32";"4";"49";"0";"49";"0";"0";"0";"61";"0";"610";"0";"0";"0"
"1";"1";"9.4";"32";"4";"49";"0";"49";"0";"0";"0";"61";"0";"610";"0";"0";"0"
"1";"1";"9.7";"32";"4";"49";"0";"49";"0";"0";"0";"61";"0";"610";"0";"0";"0"
